"Ativo","Data","Último (R$)","Var. Dia (%)","Var. Sem. (%)","Var. Mês (%)","Var. Ano (%)","Var. 12M (%)","Val. Mín","Val. Máx","Volume"
"SEQL3","17h07","5,06","40,56","44,57","12,44","-33,42","-42,50","3,65","5,19","37,27 M"
"KNRE11","17h08","0,30","15,38","30,43","-23,08","-26,83","-45,45","0,27","0,31","7,9 K"
"S1TX34","16h04","642,60","14,53","14,53","14,53","57,87","108,34","642,60","642,60","302,02 K"
"CEDO3","17h08","24,99","13,59","13,59","4,56","-9,59","56,19","23,00","26,69","73,28 K"
"CTKA4","11h20","21,00","12,90","12,90","10,53","14,13","73,55","19,00","21,00","196,28 K"
"U1HS34","12h49","332,50","11,06","11,06","11,06","107,75","107,75","332,50","332,50","5,32 K"
"PHMO34","16h33","374,68","9,87","9,60","13,69","71,74","72,01","352,00","374,68","417,02 K"
"PEMA11","16h30","34,00","9,68","9,68","-5,56","-27,66","-22,73","34,00","34,00","2,69 K"
"GMCO34","17h05","76,59","9,41","9,45","25,04","76,84","109,89","70,11","77,14","2,57 M"
"I1QY34","16h11","7,44","9,09","7,05","-4,86","-36,57","-35,25","7,25","7,55","7,78 K"
"B1IL34","17h10","24,97","9,09","8,38","-1,69","119,04","95,54","23,15","24,97","87,78 K"
"U1DR34","16h47","252,95","7,85","7,85","7,85","52,08","50,90","229,85","252,95","1,19 K"
"TECN3","17h05","5,65","7,62","1,07","15,31","67,39","73,81","5,22","5,70","2,49 M"
"HYPE3","17h07","28,11","7,45","9,51","7,17","-19,42","-14,28","26,28","28,14","1,35 B"
"MGHT11","16h51","19,29","7,11","7,17","-0,82","-58,33","-55,14","17,89","19,29","70,69 K"
"OIBR4","16h52","10,87","7,09","6,05","-3,03","-33,04","-43,45","9,96","10,89","43,29 K"
"FRIO3","17h16","119,92","7,07","7,07","-27,32","-50,03","135,14","114,00","119,92","81,08 K"
"S1BS34","16h32","13,52","6,79","6,37","19,65","0,60","1,73","12,79","13,52","385,69 K"
"DDNB34","16h25","483,36","6,68","6,68","6,68","31,67","29,93","483,36","483,36","483,36"
"ABBV34","17h12","71,00","6,67","6,05","6,01","55,87","58,66","66,56","71,00","93,28 K"
"G1DS34","17h12","13,14","5,97","6,40","20,44","195,28","151,24","12,81","14,00","122,5 K"
"BLOK11","16h41","178,35","5,22","2,00","8,03","16,97","147,50","172,64","178,35","173 K"
"I1TW34","11h12","362,47","4,86","4,86","4,86","15,63","24,68","362,42","362,47","1,44 K"
"PTNT4","16h47","6,43","4,72","2,06","-2,58","-24,35","-25,35","6,20","6,50","285,31 K"
"L1UL34","16h51","425,04","4,07","4,07","14,26","-31,17","-14,82","425,04","426,72","81,73 K"
"F1IS34","10h26","543,76","4,01","4,01","11,72","65,27","89,03","543,76","543,76","10,32 K"
"TRNT11","15h54","104,99","3,95","4,99","-0,01","-22,78","-13,35","100,00","105,00","47,71 K"
"CHCM34","16h53","31,32","3,88","1,56","6,42","-0,82","-13,14","30,87","31,35","64,82 K"
"TGMA3","17h07","28,36","3,81","3,50","5,82","7,89","27,81","27,13","28,36","12,48 M"
"T1AL34","16h00","6,57","3,79","10,61","1,39","15,06","35,46","6,35","6,60","46,26 K"
"PINE3","17h00","4,83","3,65","0,63","-4,76","3,86","30,57","4,82","4,84","14,35 K"
"P1DD34","17h05","73,98","3,56","4,15","1,07","3,72","40,91","72,92","76,90","489,43 K"
"CXRI11","17h05","70,79","3,51","5,66","-12,60","-11,62","-11,55","70,79","70,88","51,6 K"
"E1QN34","17h10","71,99","3,51","4,41","4,70","-1,19","-7,15","70,07","71,99","71,6 K"
"TASA3","17h05","10,35","3,29","1,47","-4,17","-29,17","-32,03","10,14","10,35","197,65 K"
"ADBE34","17h12","58,26","3,26","2,21","3,21","1,50","6,98","55,94","58,26","331,5 K"
"PFRM3","17h06","6,04","3,25","2,20","9,22","2,90","75,60","5,66","6,04","1,67 M"
"LBRD34","13h55","38,20","3,24","0,21","7,91","17,54","0,74","37,00","38,20","49,22 K"
"EALT4","16h40","13,42","3,23","2,44","-7,00","50,49","75,95","13,07","13,45","177,43 K"
"W1BO34","16h50","13,21","3,20","-0,75","-3,37","9,21","0,80","13,18","13,22","12,31 K"
"SHOW3","17h07","0,97","3,19","3,19","-4,90","-54,03","-56,70","0,94","0,97","107,75 K"
"ORVR3","17h07","47,81","3,17","4,62","0,10","23,67","37,98","46,00","47,94","36,54 M"
"CMCS34","17h05","47,64","3,05","-0,23","5,54","14,17","12,98","46,14","47,94","79,6 K"
"VAMO3","17h07","6,23","2,98","7,23","-5,75","-38,13","-21,25","5,95","6,27","106,21 M"
"RCFA11","15h20","1,04","2,97","0,00","0,00","-19,38","-45,55","0,98","1,04","3,36 K"
"CBAV3","17h07","5,95","2,94","4,57","8,58","16,67","53,75","5,73","5,96","28,57 M"
"GEPA4","16h43","29,75","2,94","2,94","9,06","36,43","46,31","29,70","29,75","61,58 K"
"CTGP34","17h05","60,45","2,93","1,22","6,50","48,45","91,26","58,49","60,45","172,63 K"
"FSLR34","17h05","576,02","2,86","-3,99","-15,59","38,20","55,46","574,00","576,02","138,05 K"
"BSLV39","16h48","60,21","2,82","3,28","16,62","68,94","71,20","59,28","60,49","2,39 M"
"CEDO4","16h53","23,22","2,74","2,74","0,96","-14,82","65,86","23,10","23,74","61 K"
"XRXB34","11h18","59,52","2,69","2,69","6,19","-31,10","-19,73","59,52","59,58","646,5"
"S1PO34","17h10","554,00","2,59","3,34","9,81","139,38","186,01","544,32","554,00","556,13 K"
"CTKA3","17h08","19,99","2,57","2,51","8,05","33,27","16,29","19,99","19,99","13,27 K"
"MSFT34","17h11","101,73","2,55","2,40","4,39","34,86","48,25","99,13","102,46","51,35 M"
"PCAR3","17h07","3,22","2,55","1,58","14,18","-20,69","-7,20","3,09","3,24","54,42 M"
"QCOM34","17h05","82,40","2,50","1,67","6,39","41,96","83,79","78,17","82,40","1,68 M"
"CAMB3","17h05","12,30","2,50","1,49","-2,07","18,34","43,14","11,96","12,30","449,44 K"
"KMPR34","13h09","177,66","2,49","2,49","2,49","71,47","50,86","177,66","177,66","177,66"
"A1LB34","16h36","22,90","2,42","1,87","6,71","-24,59","-19,26","22,22","22,90","3,75 K"
"U1RI34","16h11","174,08","2,40","2,09","11,60","74,25","138,13","172,72","174,08","46,53 K"
"HAGA3","10h07","2,59","2,37","-1,15","0,78","-7,83","6,15","2,59","2,59","30,83 K"
"HAGA4","17h05","1,31","2,34","0,77","11,02","11,02","3,97","1,28","1,31","307,59 K"
"SUZB3","17h07","57,58","2,33","3,25","5,77","3,51","7,94","55,86","58,19","865,64 M"
"A1LN34","16h12","84,64","2,32","0,37","12,54","89,56","109,09","84,64","84,64","24,83 K"
"G1FI34","12h57","53,30","2,30","4,61","26,78","54,30","51,76","53,15","53,30","152,44 K"
"FIVN11","15h25","2,39","2,14","0,42","-13,41","-22,90","-39,03","2,39","2,39","612,54"
"FDMO34","16h52","63,48","2,12","0,55","10,09","10,80","14,08","62,52","63,48","123,07 K"
"CPLE5","10h57","11,85","2,07","2,07","-16,25","-47,03","-48,01","11,85","11,85","5,92 K"
"CRFB3","17h07","7,06","2,02","1,15","-23,68","-43,29","-22,59","6,75","7,06","184,5 M"
"N1EM34","17h05","334,25","1,99","0,34","15,07","65,55","77,33","329,05","334,25","760,14 K"
"A1TH34","16h14","17,48","1,98","1,98","-4,27","31,89","35,88","17,48","17,48","5,27 K"
"SAPP34","11h27","1344,00","1,98","1,74","7,90","80,32","103,37","1344,00","1344,00","14,52 K"
"B1TI34","17h05","39,83","1,97","0,99","-0,23","50,19","44,32","39,06","39,83","71,29 K"
"BGIP3","16h26","26,00","1,96","1,96","-2,99","2,79","2,53","26,00","26,00","7,75 K"
"T1TW34","16h11","227,92","1,87","2,88","8,97","17,18","27,27","224,40","227,92","44,8 K"
"GOLL4","17h07","1,10","1,85","1,85","0,00","-87,74","-84,89","1,08","1,11","4,5 M"
"C1FG34","16h11","237,82","1,82","-1,20","7,03","53,06","106,43","237,82","237,82","2,61 K"
"G1LP34","17h13","9,00","1,81","3,45","15,38","-9,09","2,51","8,66","9,00","1,28 K"
"CTSA4","17h00","1,13","1,80","1,80","-11,72","-48,17","-31,52","1,13","1,13","9,32 K"
"RBIR11","17h05","83,25","1,80","2,15","-1,75","-8,02","-5,24","81,11","83,25","82,99 K"
"ABCP11","16h31","75,66","1,79","-0,45","4,36","8,38","10,45","74,34","75,93","94,25 K"
"FCXO34","16h42","92,43","1,78","0,59","2,37","34,95","66,44","90,72","93,14","36,93 K"
"Z1OM34","16h33","16,56","1,78","3,37","9,67","15,56","34,31","16,52","16,56","20,84 K"
"CASH3","17h06","3,52","1,73","3,53","-13,30","4,71","18,41","3,41","3,61","6,99 M"
"PMAM3","17h05","1,20","1,69","-4,00","-25,00","-72,35","-71,50","1,17","1,20","338,89 K"
"GGBR3","17h06","16,96","1,68","1,86","0,53","-1,94","5,57","16,51","16,96","3,94 M"
"BBFO11","16h53","67,54","1,66","1,56","-5,37","-7,37","-6,32","65,97","67,97","731,53 K"
"WFCO34","17h05","92,72","1,66","0,99","20,82","57,57","91,22","91,53","92,76","386,2 K"
"WEGE3","17h07","55,95","1,65","1,32","2,87","53,99","67,94","54,60","55,95","493,46 M"
"BOAC34","17h10","60,51","1,61","0,07","11,93","50,16","92,50","59,18","60,51","889,4 K"
"O1DF34","15h32","57,30","1,60","0,63","7,10","16,00","22,91","57,30","57,30","572,1"
"S1KM34","13h18","32,91","1,57","3,78","-0,87","31,10","33,87","32,91","32,91","583,98"
"ASML34","17h10","74,81","1,56","-0,12","-10,51","13,01","40,34","74,10","74,92","9,98 M"
"MOSC34","15h25","25,12","1,54","0,96","3,33","-12,24","-9,32","25,02","25,12","77,55 K"
"SARE11","17h05","4,00","1,52","0,00","-90,00","-91,88","-91,67","3,94","4,01","2,2 M"
"ULEV34","17h12","359,90","1,49","0,27","1,81","57,71","52,00","351,80","359,90","67,66 K"
"VTLT11","16h52","91,89","1,49","-0,90","-2,30","-7,18","-3,72","90,97","91,99","128,65 K"
"WALM34","17h10","29,35","1,49","2,05","6,84","86,77","76,08","28,71","29,35","1,77 M"
"SCPF11","16h54","2,05","1,49","-5,96","-18,65","-56,57","-58,50","1,97","2,05","36,89 K"
"CORN11","17h15","6,35","1,44","1,76","0,79","-7,97","1,93","6,20","6,35","80,43 K"
"PSSA3","17h07","37,30","1,41","1,06","2,30","33,69","54,23","36,78","37,70","190,97 M"
"BBOI11","17h17","8,67","1,40","-2,69","1,29","15,60","13,78","8,60","9,22","655,75 K"
"DEEC34","17h10","78,38","1,40","0,80","3,94","22,72","26,64","76,80","78,38","93,32 K"
"COTY34","17h10","22,00","1,38","-12,00","-15,97","-27,61","-7,64","21,12","22,00","41,47 K"
"VLOE34","14h49","387,27","1,38","1,38","4,75","22,52","20,55","387,27","387,27","387,27"
"JDCO34","16h50","38,28","1,38","1,06","5,16","71,81","88,73","38,28","38,68","112,29 K"
"EUCA4","17h06","14,48","1,33","-1,56","-7,06","-8,87","24,89","14,29","14,50","1,19 M"
"RDNI3","16h16","3,14","1,29","2,61","2,61","-31,74","-29,75","3,08","3,14","7,43 K"
"LIGT3","17h07","6,48","1,25","1,89","-8,99","-19,00","10,96","6,27","6,53","5 M"
"HTMX11","17h05","188,80","1,24","0,44","-8,75","-4,65","20,93","186,60","188,98","1,49 M"
"CEBR3","17h00","18,73","1,24","3,14","-1,16","10,28","26,43","18,36","19,88","61,06 K"
"DISB34","17h05","36,93","1,23","0,60","5,67","26,90","33,51","36,42","36,93","7,16 M"
"UNIP5","12h15","47,60","1,23","-0,83","-0,83","-32,30","-30,99","47,60","47,60","84,91 K"
"EPAR3","15h24","5,76","1,23","3,78","0,52","-48,70","-51,74","5,58","5,77","48,01 K"
"B1CS34","15h36","72,78","1,22","-0,12","10,27","98,25","114,62","72,78","72,80","2,97 K"
"TPIS3","17h05","6,63","1,22","6,42","27,01","57,86","67,00","6,32","6,97","2,11 M"
"L1YV34","16h11","132,47","1,19","1,60","11,50","44,59","65,38","132,47","132,47","9,74 K"
"GOLD11","17h16","16,44","1,17","1,11","9,24","55,39","57,47","16,31","16,51","41,33 M"
"POSI3","17h07","6,16","1,15","1,99","8,45","-7,26","0,38","5,98","6,22","11,8 M"
"BBSE3","17h07","34,34","1,15","1,54","-3,27","9,99","18,02","33,80","34,36","218,66 M"
"XINA11","17h15","7,24","1,12","-0,55","3,43","45,67","41,13","7,17","7,30","2,92 M"
"SIMN34","16h40","250,50","1,11","-0,30","9,01","48,56","96,16","247,81","250,50","62,05 K"
"HAPV3","17h07","3,69","1,10","-1,86","-7,75","-17,08","-7,75","3,51","3,69","622,45 M"
"GMAT3","17h06","7,40","1,09","1,09","-0,13","4,82","21,00","7,19","7,40","39,88 M"
"ORCL34","17h05","167,01","1,07","0,45","9,16","96,91","93,25","165,40","167,01","396,96 K"
"FLRY3","17h07","15,12","1,07","1,34","-2,01","-13,77","1,23","14,79","15,18","97,8 M"
"BOBR4","17h05","2,87","1,06","1,06","28,13","40,69","85,16","2,79","2,90","566,51 K"
"JBSS3","17h07","35,20","1,03","1,41","11,29","49,12","91,48","34,36","35,20","408,96 M"
"B1GN34","16h39","50,05","1,01","2,33","0,70","46,73","56,60","50,05","50,05","80,01 K"
"GOGL34","17h10","78,60","1,00","0,90","4,33","39,86","37,51","76,65","78,70","12,01 M"
"E1QR34","11h42","211,89","1,00","1,00","4,90","46,34","53,09","211,89","211,89","1,68 K"
"KLBN4","17h07","4,16","0,97","0,48","-0,95","7,61","7,89","4,11","4,18","7,55 M"
"BCHI39","16h09","35,86","0,96","-0,14","3,13","47,37","40,89","35,72","35,97","22,77 K"
"H1SB34","16h46","63,66","0,95","0,19","3,21","40,57","48,28","62,88","63,72","94,52 K"
"MCHY11","17h05","8,56","0,94","1,66","-2,39","-92,34","-92,21","8,36","8,61","11,09 M"
"L1YG34","17h05","18,25","0,94","0,16","7,35","65,42","92,83","18,25","18,46","10,43 K"
"I1NC34","16h09","186,39","0,93","0,93","2,63","22,11","16,48","186,39","186,39","3,72 K"
"EGYR11","15h00","3,30","0,92","0,00","-3,51","-41,28","-48,84","3,23","3,50","1,08 K"
"DBAG34","12h40","100,70","0,90","0,20","6,76","55,03","100,81","100,70","100,70","5,79 K"
"RIOT34","16h40","373,70","0,90","0,34","-3,21","11,21","31,94","368,02","373,70","110,82 K"
"HOOT4","14h18","2,26","0,89","-1,31","-0,44","-21,80","-15,67","2,26","2,26","1,12 K"
"P1LD34","15h40","56,55","0,89","-2,84","-1,31","6,19","36,84","55,74","56,55","36,31 K"
"OXYP34","17h10","49,78","0,89","0,99","6,80","3,78","-4,27","49,75","49,78","459,87 K"
"CPRL34","16h23","113,52","0,88","-0,48","-2,14","18,31","28,15","113,41","113,52","5,31 K"
"NOKI34","11h09","26,93","0,87","0,86","14,14","66,67","71,26","26,93","27,04","55,33 K"
"BPML11","17h05","80,29","0,87","-1,06","-8,86","-16,36","-6,60","79,60","82,73","2,71 M"
"N1OW34","16h11","105,10","0,86","-0,38","8,46","53,95","95,03","105,10","105,30","37,58 K"
"BRBI11","17h05","15,23","0,86","0,93","-0,13","4,73","43,18","14,94","15,23","7,17 M"
"VGIP11","17h05","85,00","0,85","0,77","-0,25","-3,58","-3,01","84,63","85,42","6,58 M"
"KRSA3","16h54","4,78","0,84","1,27","-2,45","-63,23","-39,49","4,74","4,78","181,04 K"
"C1CL34","15h53","122,10","0,84","0,44","19,79","36,23","113,35","122,10","122,10","86,76 K"
"META11","16h38","36,00","0,84","0,00","4,86","-0,06","74,00","35,70","36,10","154,39 K"
"ELET3","17h07","38,50","0,84","1,93","-2,16","-8,29","13,85","37,87","38,60","426,23 M"
"ASAI3","17h07","7,29","0,83","2,82","-2,41","-46,12","-36,72","7,13","7,40","273,76 M"
"E1CO34","17h05","23,19","0,83","-0,64","-4,96","-9,47","-7,48","22,98","23,67","227,26 K"
"C1MG34","16h40","17,12","0,82","1,66","9,18","54,70","85,31","16,86","17,16","559,29 K"
"BCIA11","17h05","90,94","0,82","0,55","-3,57","-12,52","-8,10","90,20","91,25","1,53 M"
"F1MC34","16h11","177,84","0,82","1,75","-0,50","18,33","30,38","177,84","177,84","1,59 K"
"GOGL35","17h05","79,33","0,81","1,15","4,80","40,03","37,92","78,64","79,33","12,25 M"
"IBMB34","16h31","1327,92","0,80","0,60","10,38","70,56","99,13","1317,36","1327,92","68,73 K"
"S1RE34","16h11","121,68","0,80","-0,47","7,50","37,12","40,73","121,68","121,68","11,08 K"
"A1LL34","16h32","71,75","0,79","-4,21","11,97","79,38","102,69","71,26","71,75","17,67 K"
"GPIV33","17h05","3,88","0,78","1,31","-26,52","40,58","49,81","3,82","3,88","5,54 K"
"RECR11","17h05","78,90","0,78","0,14","-4,84","-10,24","-7,93","76,50","79,05","8,63 M"
"RDOR3","17h07","29,83","0,78","-0,37","-3,56","5,10","27,13","28,91","29,83","274,76 M"
"BSLI4","12h13","9,16","0,77","0,00","1,78","-11,79","-10,83","9,16","9,16","11,86 K"
"SCAR3","16h52","21,17","0,76","0,38","-7,35","-18,10","-8,03","21,16","21,17","189,4 K"
"RAPT3","17h07","9,29","0,76","-3,13","5,09","-21,54","1,09","9,14","9,29","436,9 K"
"RCRB11","17h05","129,07","0,76","-0,94","-2,02","-19,83","-13,50","128,12","131,97","1,85 M"
"ODPV3","17h07","10,69","0,75","-0,37","-4,72","2,14","7,79","10,49","10,71","12,6 M"
"H1LT34","17h05","56,46","0,75","0,75","9,38","54,26","77,67","56,46","56,46","2,82 M"
"AALR3","17h05","12,31","0,74","0,90","-20,06","18,37","42,97","11,92","12,40","310,31 K"
"EXXO34","17h10","86,31","0,74","0,82","8,46","44,41","29,16","85,24","86,31","1,18 M"
"ARMT34","15h42","68,39","0,72","-1,13","-4,31","0,09","26,10","68,11","68,39","5,84 K"
"E1MR34","16h19","625,59","0,71","0,71","6,11","33,92","32,98","625,59","625,59","9,37 K"
"JGPX11","16h53","70,13","0,70","0,19","3,39","-13,71","-15,42","69,20","70,22","1,29 M"
"SBUB34","16h40","553,30","0,70","0,65","5,08","21,24","19,53","549,00","553,30","46,76 K"
"R1CL34","12h40","575,13","0,70","1,17","20,57","94,93","161,82","575,13","575,13","4 K"
"CVBI11","17h00","87,09","0,68","-0,87","-2,64","-5,78","-3,81","86,40","87,33","3,66 M"
"CEBR6","17h00","17,77","0,68","1,25","1,08","3,32","16,19","17,46","17,77","246,08 K"
"RECT11","16h54","30,03","0,67","-0,23","-6,51","-36,83","-30,98","29,83","30,24","888,1 K"
"BIYW39","16h40","25,53","0,67","0,99","8,64","38,04","69,63","25,44","25,53","8,29 K"
"ALLD3","17h05","7,53","0,67","0,40","-3,34","11,11","64,80","7,47","7,59","408,74 K"
"TFCO4","17h07","10,57","0,67","0,57","0,96","-28,67","-18,61","10,35","10,58","2,28 M"
"AMGN34","16h37","65,17","0,66","-0,28","4,59","32,42","35,33","64,50","65,17","42,81 K"
"RIGG34","16h37","24,34","0,66","2,61","4,46","-23,24","-33,68","24,18","24,34","349,16 K"
"A1EG34","14h00","36,64","0,66","-0,22","5,74","37,17","64,45","36,64","36,64","329,33"
"KNHY11","17h05","103,90","0,66","0,17","-2,35","0,58","2,31","103,22","104,44","9,02 M"
"GSFI11","17h08","7,80","0,65","0,00","4,98","-1,27","-1,76","7,47","7,80","653,05 K"
"MRCK34","17h05","76,21","0,62","-1,28","-1,69","17,66","19,37","75,41","76,21","1,14 M"
"ELET6","17h07","42,53","0,62","1,00","-2,70","-5,42","16,20","41,84","42,79","66,39 M"
"JNJB34","17h10","62,31","0,61","0,05","6,22","25,57","25,97","61,39","62,35","511,9 K"
"BILB34","15h31","56,34","0,61","-1,57","-3,48","35,80","47,55","56,34","56,34","1,57 K"
"PFIN11","16h54","74,45","0,59","0,61","0,87","8,11","12,90","74,00","74,73","1,81 M"
"COLG34","16h01","81,52","0,59","-0,10","1,53","51,62","60,07","80,56","81,52","75,98 K"
"BRAV3","17h07","17,27","0,58","1,89","-2,04","-33,50","-45,56","16,92","17,41","238,27 M"
"SHPH11","16h46","874,98","0,57","0,57","-6,82","2,94","10,47","870,01","877,99","192,81 K"
"MILS3","17h07","10,58","0,57","0,38","-4,34","-19,66","3,09","10,35","10,59","14,37 M"
"NEXT34","17h10","119,98","0,56","-0,02","4,78","65,72","88,84","118,68","119,98","67,15 K"
"SAPR11","17h07","27,50","0,55","-0,54","-6,72","-1,80","25,61","27,32","27,70","35,73 M"
"CSCO34","16h32","64,80","0,54","0,00","10,64","35,99","25,97","63,53","64,80","23,49 K"
"ALUG11","17h15","45,24","0,53","-1,65","3,12","28,34","55,84","44,75","45,25","716,19 K"
"L1RC34","16h38","9,46","0,53","0,53","-90,54","-88,92","-86,13","9,36","9,48","196,43 K"
"BKNG34","16h45","142,57","0,53","0,83","8,48","46,54","76,60","140,70","143,00","7,77 M"
"KNIP11","17h05","91,80","0,53","-0,11","-2,34","-3,94","-0,76","91,13","91,94","19,94 M"
"TEPP11","17h05","88,00","0,51","0,11","0,40","-4,66","-3,19","87,61","88,77","1,3 M"
"BIDU34","16h54","37,44","0,51","-2,53","-8,50","-7,42","-3,23","36,70","37,57","766,03 K"
"M1TT34","16h11","378,86","0,50","0,55","12,51","40,46","60,74","378,86","378,86","4,54 K"
"BOEI34","15h48","912,73","0,50","3,73","9,98","-27,81","-0,12","912,73","913,64","11,8 M"
"JPMC34","17h12","128,00","0,50","-0,54","11,52","58,36","84,26","125,84","128,09","8,8 M"
"PGCO34","16h44","69,37","0,49","-0,59","3,03","40,71","32,66","68,88","69,50","54,78 K"
"WHRL3","15h52","4,15","0,48","0,73","-9,59","-1,61","9,86","4,10","4,15","13,64 K"
"BDIV11","17h00","125,00","0,48","-0,50","-1,61","25,99","29,00","124,62","125,94","1,84 M"
"BEGU39","16h40","72,94","0,48","0,48","6,51","44,03","59,28","72,94","73,08","21,92 M"
"V1TA34","16h36","185,59","0,48","0,58","6,79","68,42","79,82","185,59","185,59","13,5 K"
"G1LL34","13h53","31,60","0,48","2,46","9,38","9,91","19,59","31,60","31,60","7,12 K"
"AMZO34","17h11","53,94","0,47","-0,48","6,81","45,20","69,78","53,06","54,63","22,32 M"
"PFIZ34","17h10","41,45","0,46","-0,36","4,91","23,11","11,75","40,81","41,45","1 M"
"DEXP3","16h24","8,99","0,45","1,35","0,11","-19,81","-7,42","8,88","9,08","1,14 M"
"AXPB34","16h50","155,09","0,45","-0,88","5,46","72,68","115,67","153,23","155,39","8,15 M"
"COCE5","17h05","27,11","0,44","0,78","0,97","-35,75","-30,81","26,52","27,11","112,42 K"
"S1RP34","13h40","36,28","0,44","-0,66","6,08","58,01","21,95","36,28","36,28","1,02 K"
"BIXN39","16h39","15,93","0,44","0,50","6,84","48,12","64,59","15,82","15,93","99,12 K"
"NETE34","17h05","46,35","0,43","-1,49","-9,47","8,79","-6,20","46,15","46,35","49,62 K"
"SOJA3","17h07","11,82","0,42","-1,42","1,35","-26,37","-4,01","11,71","11,89","19,57 M"
"BRAP4","17h07","19,08","0,42","0,53","-5,64","-21,32","4,37","18,88","19,14","105,21 M"
"BLAK34","16h37","86,76","0,42","0,00","11,26","47,31","88,78","85,38","86,88","369,12 K"
"B1SA34","13h49","58,14","0,41","-0,82","2,00","28,38","36,75","58,14","58,26","4,11 K"
"XPLG11","17h05","97,20","0,41","-0,65","-3,32","-10,74","-11,31","96,75","97,45","8,75 M"
"SLCE3","17h07","17,35","0,41","1,76","-4,67","-3,62","-0,37","17,13","17,42","50,12 M"
"N1DA34","16h11","212,52","0,40","-0,17","7,41","50,15","70,66","211,68","212,52","38,11 K"
"T1WL34","14h34","16,10","0,37","-0,98","13,94","8,13","51,89","16,10","16,11","25,51 K"
"ITUB3","17h07","30,41","0,36","-0,26","-3,18","12,63","42,07","30,01","30,45","35,35 M"
"FRAS3","17h07","22,33","0,36","-0,09","10,11","33,67","55,46","22,15","22,48","12,26 M"
"CRPG5","17h05","25,20","0,32","-0,87","-6,63","-32,65","-39,47","25,20","25,20","52,85 K"
"HFOF11","17h05","63,20","0,32","0,40","-6,78","-21,00","-16,06","62,52","63,20","3,01 M"
"CSED3","17h06","3,21","0,31","-0,62","-4,18","-36,89","-7,33","3,17","3,26","1,98 M"
"NASD11","17h16","16,19","0,31","0,31","6,30","41,64","58,41","16,02","16,27","21,9 M"
"HBSA3","17h07","3,31","0,30","-1,19","-3,50","-15,99","-18,67","3,27","3,35","15,46 M"
"POMO3","17h07","6,66","0,30","0,76","7,42","49,88","100,77","6,54","6,66","2,41 M"
"UNHH34","17h05","46,65","0,30","0,09","2,37","29,92","26,32","46,05","46,66","656,51 K"
"A1UT34","16h11","414,10","0,30","-0,30","10,99","39,29","54,56","414,10","414,10","29,82 K"
"BONY34","16h11","433,44","0,30","1,13","12,37","75,29","113,00","433,44","444,40","66,36 K"
"TMCO34","16h42","60,48","0,30","-0,85","-0,59","11,66","11,17","60,25","60,79","37,58 K"
"STZB34","15h54","343,06","0,30","0,80","-1,88","17,93","18,16","343,06","343,06","2,38 K"
"MYPK3","17h06","10,22","0,29","-0,49","-3,45","-16,95","-7,48","10,12","10,29","16,68 M"
"T1EV34","10h49","51,30","0,29","0,29","6,06","101,73","150,61","51,30","51,30","31,56 K"
"SNCI11","17h05","90,38","0,29","0,42","-0,68","-10,06","-8,82","90,02","91,21","1,34 M"
"GENB11","17h16","17,39","0,29","1,34","11,12","79,46","104,59","17,23","17,41","476,83 K"
"BARI11","17h05","73,52","0,29","-0,35","-5,49","-11,95","-8,69","73,50","74,60","2,04 M"
"FCFL11","17h05","112,62","0,28","-0,78","-0,88","-3,83","-1,77","112,25","113,02","364,41 K"
"ALPA4","17h07","7,04","0,28","1,44","1,29","-30,43","-5,38","6,94","7,10","18,77 M"
"BTEK11","17h15","78,52","0,28","-1,69","3,94","22,59","62,50","78,06","78,56","57,91 K"
"S1LG34","16h48","219,56","0,28","-2,01","16,29","100,96","195,02","219,56","220,00","234,5 K"
"BIME11","17h05","7,26","0,28","-0,27","-1,22","-0,68","-0,82","7,13","7,27","163,16 K"
"SPXB11","17h15","14,56","0,28","0,00","6,51","43,17","57,75","14,45","14,63","84,44 K"
"BRIM11","16h49","1101,00","0,27","0,09","-8,25","8,58","6,87","1088,00","1160,00","84,5 K"
"RZTR11","17h07","86,36","0,27","-0,27","-4,69","-20,33","-14,50","85,80","86,64","9,98 M"
"XPCI11","17h05","81,11","0,26","-0,88","-6,77","-6,67","-8,80","80,68","81,43","2,95 M"
"KLBN3","17h07","4,18","0,24","0,72","-0,71","7,94","9,19","4,12","4,20","1,48 M"
"M1SI34","15h19","675,24","0,24","0,24","10,47","75,10","98,08","675,24","675,92","16,28 K"
"SNFF11","17h05","84,81","0,24","-0,92","-5,59","-2,64","-2,47","84,50","85,21","717,48 K"
"RNGO11","17h05","48,11","0,23","1,86","3,91","1,76","10,90","48,00","48,20","252,77 K"
"COPH34","17h05","50,01","0,22","-0,97","4,41","7,97","0,58","49,85","50,15","280,57 K"
"VINO11","17h05","5,02","0,20","-1,95","-1,57","-34,29","-38,48","5,01","5,07","1,18 M"
"CHVX34","17h10","86,21","0,20","0,95","7,76","21,72","10,59","85,60","86,21","874,02 K"
"RBRP11","17h05","50,90","0,20","-0,59","-4,86","-7,12","-1,43","50,63","51,28","2,02 M"
"TTEN3","17h07","10,22","0,20","-0,58","-9,72","-14,07","-10,43","10,13","10,27","10,26 M"
"KLBN11","17h07","20,77","0,19","0,29","-0,57","6,67","7,53","20,51","20,97","125,06 M"
"SAPR3","17h07","5,28","0,19","0,00","-7,04","-1,92","23,64","5,22","5,28","1,07 M"
"ETER3","17h00","5,30","0,19","0,57","-5,53","-35,91","-27,62","5,19","5,30","1,82 M"
"GRND3","17h05","5,31","0,19","0,38","-5,68","-21,94","-11,03","5,25","5,31","7,42 M"
"AAPL34","17h11","67,30","0,18","0,81","6,32","44,14","56,07","66,05","67,35","33,29 M"
"VLID3","17h07","22,65","0,18","-0,13","-0,22","16,53","46,51","22,31","22,79","13,71 M"
"EMAE4","17h05","39,80","0,18","0,10","2,37","-30,80","-32,74","39,80","39,80","70,99 K"
"JFLL11","15h30","69,77","0,17","-0,78","-1,33","-6,10","-4,42","69,36","69,77","151,14 K"
"ITUB4","17h07","35,16","0,17","-0,34","-2,58","9,58","39,03","34,81","35,25","1,21 B"
"SHUL4","17h07","6,14","0,16","-0,16","-0,16","-8,51","-17,03","6,05","6,15","3,28 M"
"SPYI11","17h15","119,75","0,16","0,08","6,15","36,64",,"118,65","120,05","3,59 M"
"XPSF11","17h05","6,79","0,15","0,59","-5,69","-18,39","-15,76","6,72","6,85","1,04 M"
"BIBB39","16h38","54,74","0,15","-1,03","3,97","27,35","40,90","54,50","54,74","10,65 K"
"JPPA11","16h23","82,50","0,15","0,61","-0,17","-12,98","-14,53","82,30","82,60","151,35 K"
"USAL11","17h15","14,17","0,14","-0,14","6,38","44,44","59,39","14,09","14,21","1,52 M"
"MSBR34","16h46","134,76","0,14","-2,26","19,60","54,95","104,40","134,16","134,76","6,79 M"
"D1VN34","13h56","229,31","0,14","-1,80","7,69","5,55","-5,00","228,85","229,31","4,36 K"
"RBRL11","17h06","73,60","0,14","-2,00","-5,82","-15,80","-16,50","72,77","74,32","2,12 M"
"COCA34","17h05","66,26","0,14","-0,88","0,91","42,18","49,11","64,95","66,26","2,59 M"
"VALE3","17h07","60,41","0,13","-0,23","-4,88","-15,72","7,05","59,90","60,66","1,95 B"
"M1RN34","17h10","15,30","0,13","-1,99","-16,89","-35,52","-22,14","15,06","15,34","474,25 K"
"CPTS11","17h05","7,85","0,13","1,03","0,51","-7,54","-2,97","7,80","7,89","30,72 M"
"PORT3","17h07","16,17","0,12","-9,41","-4,01","-1,16","25,05","16,00","16,30","320,06 M"
"KHCB34","16h25","50,68","0,12","-1,29","6,38","16,20","33,23","50,32","50,92","23,93 K"
"BPAC5","12h51","8,58","0,12","-0,81","-1,49","-10,86","11,15","8,55","8,58","33,58 K"
"VSHO11","16h54","69,77","0,11","-0,48","-4,95","-17,68","-10,63","69,67","70,10","123,05 K"
"SADI11","17h05","8,75","0,11","0,11","-90,21","-90,03","-89,76","8,67","8,75","656,6 K"
"HPDP11","15h53","87,80","0,11","0,31","4,50","-0,31","6,09","87,80","87,80","5,44 K"
"POMO4","17h06","8,85","0,11","-0,34","11,32","58,31","106,68","8,73","8,90","105,2 M"
"BRAP3","17h07","17,72","0,11","-0,28","-5,24","-20,02","3,57","17,58","17,72","1,11 M"
"BEES4","14h30","9,03","0,11","-1,20","-1,74","-5,44","2,07","8,93","9,03","43,27 K"
"GSGI34","16h30","98,60","0,10","-1,23","9,89","60,84","100,35","98,10","98,88","5,23 M"
"M1AA34","16h31","220,44","0,10","0,10","1,33","37,38","40,52","219,56","220,44","57,08 K"
"UTEC11","17h16","20,50","0,10","0,54","8,18","46,32","68,31","20,37","20,70","1,52 M"
"IVVB11","17h16","372,00","0,10","-0,15","6,35","44,40","58,57","368,77","373,18","83,49 M"
"N1XP34","16h11","662,64","0,10","0,10","2,00","20,10","40,16","662,64","662,64","20,52 K"
"PQDP11","16h53","2075,02","0,09","-1,19","8,02","6,75","7,18","2073,16","2147,49","461,88 K"
"ITSA4","17h07","10,63","0,09","0,19","-3,97","7,94","35,77","10,52","10,63","274,54 M"
"RAPT4","17h07","10,90","0,09","-3,63","1,11","-13,90","-0,22","10,79","11,02","67,46 M"
"CPFE3","17h07","32,73","0,09","0,40","-3,54","-7,75","8,15","32,40","32,86","162,91 M"
"BAAX39","13h32","44,26","0,09","-1,12","1,89","40,24","45,30","44,17","44,26","292,76 K"
"TECK11","17h15","88,58","0,09","0,60","9,47","59,06","81,67","88,00","89,00","1,02 M"
"OUJP11","17h00","78,56","0,09","-0,98","-0,30","-20,32","-18,18","77,81","78,65","2,7 M"
"AESB3","17h08","11,79","0,08","0,08","1,03","-3,58","11,96","11,76","11,79","249,98 M"
"RBED11","16h48","129,80","0,08","0,17","-0,15","-11,82","-7,13","129,31","130,80","118,79 K"
"E1RI34","16h03","24,20","0,08","0,58","17,25","61,65","122,98","24,20","24,20","675,52"
"CGAS5","15h28","128,00","0,08","0,08","-0,04","18,42","15,57","128,00","128,00","51,18 K"
"MAXR11","16h32","66,54","0,08","0,03","-2,92","-5,02","0,63","66,48","66,54","113,93 K"
"PVBI11","17h06","81,61","0,07","-1,15","-3,12","-20,93","-23,33","81,26","83,47","9,61 M"
"IRBR3","17h07","42,49","0,07","2,02","-5,07","-4,09","4,35","41,59","42,53","53,03 M"
"RENT3","17h07","42,55","0,07","0,71","3,78","-31,45","-15,18","41,87","42,56","401,54 M"
"CXSE3","17h07","14,30","0,07","-0,90","-1,72","17,03","37,43","14,20","14,45","87,22 M"
"TOTS3","17h07","28,85","0,07","1,09","1,02","-13,73","13,47","28,63","29,03","154,86 M"
"BMOB3","17h06","14,96","0,07","0,61","7,55","6,86","28,38","14,69","15,02","4,64 M"
"DIRR3","17h07","30,04","0,07","0,30","-0,69","44,05","93,74","29,75","30,24","155,76 M"
"XPPR11","17h00","15,45","0,06","-0,64","-6,42","-32,18","-20,85","15,09","15,45","464,07 K"
"TRIG11","17h15","38,20","0,05","0,58","-0,91","-11,68","4,26","37,79","38,20","592,51 K"
"NEOE3","17h07","19,30","0,05","0,05","-1,53","-6,07","13,31","19,12","19,38","45,05 M"
"CLSC4","17h06","79,58","0,05","-0,65","-5,26","27,03","35,91","78,65","79,58","507,05 K"
"RBRS11","11h43","41,02","0,05","-2,31","-6,79","-22,60","-24,04","41,02","41,02","139,57 K"
"BBOV11","17h15","67,75","0,04","-0,22","-1,08","-2,87","16,11","67,25","68,01","73,89 M"
"AGRO3","17h07","24,85","0,04","0,93","-1,43","-6,96","-6,34","24,55","24,91","9,96 M"
"HOME34","17h12","82,73","0,04","-1,90","5,31","40,06","64,35","81,11","82,73","257,55 K"
"RMAI11","16h53","75,50","0,03","0,16","-1,88","4,86","31,30","75,19","75,50","56,22 K"
"BAZA3","17h05","90,02","0,02","0,36","-1,19","0,26","14,89","90,00","90,02","81 K"
"ENDD11","17h05","107,03","0,02","-0,44","-1,81","12,53","18,03","107,00","107,80","328,59 K"
"BRCO11","17h05","107,17","0,02","-0,19","-3,97","-13,15","-13,07","107,00","108,00","8,45 M"
"B1PP34","17h05","44,88","0,00","0,99","4,76","9,20","-3,09","44,88","45,08","21,08 K"
"KMIC34","12h04","141,00","0,00","-0,58","17,74","70,31","71,23","141,00","141,00","564"
"FHER3","14h57","3,71","0,00","-0,27","-4,87","-49,86","-47,97","3,71","3,71","24,5 K"
"VIVR3","17h05","1,68","0,00","-1,18","-6,67","-67,38","-49,76","1,67","1,70","80,38 K"
"H1ST34","11h21","100,10","0,00","-2,44","4,89","19,29","31,83","100,10","100,10","500,5"
"FIQE3","17h06","3,85","0,00","0,00","0,79","1,92","19,61","3,80","3,86","1,27 M"
"HGCR11","17h05","100,00","0,00","-0,07","-1,72","-4,87","-4,79","99,95","100,50","4,06 M"
"BLMO11","16h21","80,99","0,00","0,00","9,82","15,70","-99,55","80,99","80,99","7,44 K"
"WEST3","15h27","0,79","0,00","-3,66","-3,66","-42,75","-35,77","0,79","0,81","25,59 K"
"BRIP11","10h00","900,00","0,00","-5,06","-3,23","-10,00","-10,00","900,00","900,00","3,6 K"
"HCHG11","11h45","68,35","0,00","0,44","-0,86","-14,56","-9,47","68,34","68,35","5,33 K"
"ALPK3","17h05","2,81","0,00","-1,40","-5,70","-41,21","-31,46","2,78","2,93","1,34 M"
"AHEB3","10h08","38,00","0,00","0,00","1,33","145,16","137,50","38,00","38,00","3,8 K"
"NINJ3","17h05","4,54","0,00","0,00","-3,40","-8,28","4,37","4,53","4,59","25,48 K"
"XPIN11","16h47","73,60","0,00","0,29","-2,43","-8,23","-10,13","73,21","73,65","1,02 M"
"JFEN3","16h53","0,28","0,00","0,00","-6,67","-86,98","-87,56","0,27","0,28","382,46 K"
"VIFI11","17h00","7,37","0,00","0,55","-4,04","-11,20","-8,79","7,27","7,37","352,9 K"
"NVRP11","16h48","149,99","0,00","0,00","48,50","-53,13","-66,67","149,99","149,99","11,24 K"
"FMOF11","11h49","40,02","0,00","0,00","-2,39","-29,78","-25,11","40,02","40,02","640,32"
"HUSC11","13h11","108,19","0,00","-2,04","-0,19","-5,92","-5,37","108,19","108,21","3,47 K"
"FNAM11","16h53","0,39","0,00","5,41","-2,50","18,18","5,41","0,37","0,39","14,5 K"
"FPNG11","14h59","250,00","0,00","0,00","25,00","193,88","190,66","250,00","250,00","1 K"
"VIUR11","17h05","6,13","0,00","0,66","-4,22","-23,38","-22,80","6,06","6,14","217,78 K"
"DMVF3","17h06","6,27","0,00","-2,34","1,13","5,73","32,28","6,23","6,42","645,58 K"
"BOVX11","17h15","13,21","0,00","-0,38","-1,42","-2,65","15,98","13,10","13,21","11,95 M"
"CGRA3","17h00","25,00","0,00","0,00","0,04","0,63","11,36","25,00","25,00","10 K"
"WIZC3","17h05","5,85","0,00","0,17","1,39","-16,79","18,53","5,79","5,89","3,1 M"
"SIMH3","17h07","5,15","0,00","0,78","-7,87","-46,52","-27,87","5,02","5,27","29,33 M"
"ENJU3","17h07","1,24","0,00","-3,13","-8,15","-26,63","-13,89","1,21","1,27","1,89 M"
"PQAG11","10h00","57,96","0,00","0,05","-0,75","-2,54","1,26","57,96","57,96","1,15 K"
"MRSA5B","15h23","28,00","0,00","0,00","0,00","25,58","22,91","28,00","28,00","8,4 K"
"DVER11","13h48","10,70","0,00","-1,02","-1,02","-7,68","9,41","10,70","10,70","537,64"
"TORD11","17h05","1,00","0,00","0,00","0,00","-54,13","-57,98","0,99","1,00","141,84 K"
"W1AB34","16h11","541,08","0,00","0,00","9,98","76,24","113,55","541,08","541,08","2,7 K"
"CRPG6","17h00","25,70","0,00","0,00","-6,34","-29,59","-32,64","25,70","25,70","7,69 K"
"CARE11","17h05","1,42","0,00","1,43","-10,69","3,65","-7,19","1,35","1,43","81,64 K"
"RBLG11","16h51","58,00","0,00","5,45","-7,94","-43,40","-42,00","55,00","58,00","12,59 K"
"GPRK34","11h59","47,40","0,00","0,85","9,22","16,52","3,29","47,40","47,40","42,64 K"
"ESGE11","17h15","9,24","0,00","-0,96","3,70","32,76","41,72","9,22","9,24","103,31 K"
"REDE3","15h32","6,84","0,00","-0,15","-1,58","9,73","30,36","6,83","6,91","49,01 K"
"QDFI11","17h15","3,70","0,00","0,82","1,37","-7,04","60,87","3,57","3,70","16,79 K"
"PATC11","17h00","33,98","0,00","-0,26","-2,91","-12,87","-53,18","33,98","33,99","388,42 K"
"FLRP11","16h32","1980,00","0,00","-1,49","4,21","-1,00","2,27","1980,00","1980,00","21,81 K"
"HSRE11","14h48","95,99","-0,01","-1,03","-0,01","-9,44","-7,70","95,99","95,99","11,44 K"
"RBHG11","16h54","80,40","-0,01","0,49","-2,50","-12,47","-11,16","80,40","80,60","483,2 K"
"SSFO34","17h10","76,34","-0,01","-0,01","12,50","31,38","65,31","74,58","76,34","4,14 M"
"HOSI11","16h11","91,98","-0,02","-0,02","-4,18","1,75","40,36","91,98","92,00","344,62 K"
"FOOD11","17h15","86,61","-0,02","-1,11","0,07","10,64","13,80","86,14","87,07","59,15 K"
"RYTT34","14h36","119,13","-0,03","-0,73","7,98","81,21","96,64","119,00","121,44","12,2 M"
"A1PA34","12h07","142,94","-0,03","1,86","14,20","-19,24","-32,60","142,94","143,46","3,72 K"
"HGLG11","17h05","155,59","-0,04","-0,78","-2,22","-3,95","-1,71","155,20","156,67","18,15 M"
"ABCB4","17h07","21,34","-0,05","0,19","-2,07","-8,75","18,39","21,11","21,42","16,47 M"
"EDGA11","16h35","18,04","-0,06","-0,82","-1,42","-15,82","-18,59","17,95","18,04","29,41 K"
"DEAI34","16h11","313,10","-0,06","-1,81","13,51","60,91","95,33","313,10","313,10","1,87 K"
"UNIP3","16h52","46,35","-0,06","-1,78","-0,75","-26,04","-20,76","45,10","46,75","628,95 K"
"IBOB11","17h16","106,16","-0,07","-0,59","-1,32","-2,89","15,49","106,16","106,16","5,48 M"
"BERK34","17h11","131,91","-0,07","-0,56","5,36","52,76","56,31","130,15","132,47","34,69 M"
"CACR11","16h46","101,23","-0,07","-0,01","-3,85","13,09","14,49","100,85","101,74","2,26 M"
"ACWI11","17h15","14,17","-0,07","-0,63","4,81","38,24","51,71","14,08","14,23","486,26 K"
"LASC11","16h09","110,89","-0,07","0,06","-0,10","4,61","9,26","110,89","110,99","869,7 K"
"CMDB11","17h16","13,47","-0,07","-0,44","-0,88","-0,37","13,29","13,43","13,52","110,78 K"
"SANB3","17h05","13,47","-0,07","-1,68","0,87","-7,01","11,47","13,40","13,55","1,16 M"
"BDEF11","17h16","118,93","-0,08","0,13","-1,00","-5,17","13,67","118,80","118,93","39,47 K"
"ABEV3","17h07","12,82","-0,08","-0,47","-1,99","-6,63","7,25","12,74","12,90","777,2 M"
"S1NN34","15h26","33,57","-0,09","-0,09","-0,20","31,01","53,07","33,57","33,57","2,01 K"
"CRFF11","17h05","77,80","-0,09","-0,22","-2,75","1,53","-3,13","75,10","77,80","3,42 K"
"ITSA3","17h07","10,58","-0,09","-0,75","-4,51","7,72","32,95","10,46","10,63","1,69 M"
"ELCI34","12h33","20,97","-0,10","-1,27","-7,54","-28,48","-25,30","20,97","20,97","210,07"
"BIVB39","17h05","83,44","-0,10","-0,38","6,76","44,23","58,94","82,80","83,92","2,37 M"
"J1NP34","16h36","223,09","-0,10","0,27","5,34","56,65","43,26","223,09","223,09","23,87 K"
"BEWU39","12h03","69,44","-0,10","1,73","1,65","31,22","37,86","69,44","69,44","2,37 K"
"B1SX34","16h50","502,49","-0,10","0,05","10,89","84,26","99,40","502,49","503,50","642,16 K"
"TSLA34","17h10","38,82","-0,10","-1,02","-12,76","1,20","16,79","38,27","38,92","51,21 M"
"CSXC34","16h22","96,20","-0,10","-0,29","2,47","14,76","27,70","95,10","96,20","54,85 K"
"HGIC11","12h32","95,90","-0,10","0,21","-3,13","-8,74","-8,67","95,90","95,90","2,11 K"
"M1NS34","16h40","38,28","-0,10","-0,83","7,11","10,51","20,87","38,28","38,28","2,28 K"
"BCSA34","17h05","28,44","-0,11","-0,94","1,72","42,49","62,03","28,29","28,71","44,14 K"
"PPEI11","16h48","94,00","-0,11","-1,05","0,37","8,92","15,93","94,00","94,45","837,24 K"
"Z1TO34","16h06","35,84","-0,11","2,75","4,34","47,31","23,01","35,84","35,84","322,56"
"M1SC34","10h58","77,92","-0,12","-0,12","9,70","24,45","41,27","77,92","77,92","155,6"
"QBTC11","17h16","23,57","-0,13","-0,67","10,71","76,16","141,99","23,14","23,70","15,06 M"
"USTK11","17h15","15,62","-0,13","0,39","8,55","46,39","67,78","15,47","15,69","937,17 K"
"RBHY11","16h35","85,01","-0,13","0,43","-0,92","-8,60","-9,51","84,18","85,84","252,47 K"
"SPXI11","17h15","361,87","-0,13","-0,28","6,20","44,34","58,55","359,10","363,17","22,3 M"
"AFHI11","17h05","94,47","-0,14","-0,62","-2,84","-5,53","-2,66","94,23","94,50","2,16 M"
"LAND3","17h06","13,57","-0,15","-0,37","11,23","-20,11","-31,94","12,87","13,65","1,02 M"
"UPSS34","14h43","46,85","-0,15","-3,00","1,06","1,31","3,81","46,60","46,85","2,43 K"
"W1MC34","16h11","603,60","-0,15","-0,59","7,57","40,82","55,38","603,60","603,60","84,24 K"
"DESK3","17h07","13,09","-0,15","-1,65","-11,73","-7,01","-11,40","12,91","13,15","2,99 M"
"W1EL34","16h11","372,59","-0,15","-0,35","7,53","71,50","78,93","372,59","372,59","23,36 K"
"IBCR11","16h51","57,20","-0,16","-1,74","-9,91","-28,01","-28,05","56,93","57,84","204,35 K"
"LOWC34","16h34","80,00","-0,16","-0,16","9,66","50,82","69,76","80,00","80,00","310,98"
"A1ZN34","17h05","73,24","-0,16","-1,21","3,90","38,02","41,33","72,94","73,57","220,61 K"
"A1MT34","17h05","104,97","-0,17","-4,86","-3,85","33,79","55,69","104,47","104,97","425,12 K"
"AURA33","17h07","22,86","-0,17","-0,17","11,78","103,12","124,75","22,55","23,27","11,68 M"
"NEWU11","16h39","78,06","-0,18","0,37","-1,18","-1,19","5,49","75,79","78,06","89,62 K"
"VITT3","17h07","5,57","-0,18","4,11","-2,11","-42,51","-42,08","5,45","5,69","10,13 M"
"SAPR4","17h07","5,57","-0,18","-0,89","-6,54","-1,34","26,88","5,54","5,61","7,98 M"
"BRSR6","17h07","11,09","-0,18","0,09","-4,15","-13,69","4,75","11,02","11,14","18,19 M"
"HGRU11","17h05","120,21","-0,18","-1,79","-1,09","-14,14","-6,87","119,98","121,44","6,29 M"
"BIEM39","16h40","54,10","-0,18","-0,46","3,34","35,17","43,33","54,10","54,14","41,75 K"
"JSAF11","17h05","90,65","-0,19","-0,65","-2,55","-10,54","-10,35","89,73","90,80","2,34 M"
"EQIX34","16h34","62,94","-0,19","-1,32","4,29","30,09","44,33","62,70","62,94","35,57 K"
"MILL11","16h40","71,75","-0,19","-0,76","8,40","40,74","52,56","71,45","71,80","138,73 K"
"EAIN34","16h11","415,33","-0,20","1,34","6,40","25,51","29,39","415,33","415,33","61,94 K"
"BOVA11","17h17","126,50","-0,20","-0,39","-1,50","-2,98","15,68","125,63","126,70","1,04 B"
"MDIA3","17h07","25,08","-0,20","0,32","-1,57","-34,77","-24,19","24,62","25,44","43,96 M"
"S1NP34","16h11","715,68","-0,20","-0,59","4,11","14,17","22,15","715,68","717,13","15,77 K"
"KNCR11","17h06","103,72","-0,20","-0,32","-2,49","-0,60","2,32","103,27","103,93","24,67 M"
"TRPL4","17h07","24,50","-0,20","0,16","0,82","-7,55","17,92","24,32","24,55","45,44 M"
"BXPO11","17h16","130,77","-0,21","0,13","-0,96","6,87","30,43","129,86","136,25","217,08 K"
"I1FO34","10h14","62,87","-0,21","-3,20","1,00","41,93","51,20","62,87","62,87","16,12 K"
"BGIP4","17h00","23,70","-0,21","-0,29","-5,20","11,74","14,06","23,70","23,70","47,47 K"
"INBR32","17h07","37,61","-0,21","0,83","3,01","38,20","73,51","37,10","37,80","55,01 M"
"CURY3","17h07","23,38","-0,21","-0,09","6,16","41,03","74,88","23,21","23,77","86,05 M"
"CLSA3","17h07","9,34","-0,21","-0,43","1,97","149,07","136,46","9,30","9,47","29,25 M"
"MCDC34","17h05","90,10","-0,22","-0,07","8,03","27,80","43,12","89,20","90,30","287,92 K"
"DEXP4","12h16","8,95","-0,22","-0,22","-1,54","-17,79","-2,53","8,95","8,95","99,62 K"
"HBRE3","17h07","4,40","-0,23","-2,65","-8,71","-27,51","-6,38","4,31","4,42","6,3 M"
"WRLD11","17h15","121,29","-0,23","-0,83","4,59","37,07","51,57","120,23","121,74","3,12 M"
"MATD3","17h06","4,33","-0,23","-1,59","-0,92","-47,50","-40,60","4,23","4,35","2,98 M"
"PRNR3","17h07","12,49","-0,24","-0,08","2,13","7,33","13,64","12,38","12,55","19,2 M"
"D1EX34","16h38","8,27","-0,24","0,98","13,29","-31,99","-4,61","8,25","8,27","74,82 K"
"F1SL34","12h50","4,12","-0,24","-0,48","0,49","-54,12","-50,66","4,12","4,12","16,43"
"DOHL4","16h44","4,11","-0,24","-0,96","-1,91","-20,04","-27,89","4,11","4,11","2,83 K"
"KFOF11","17h00","77,12","-0,25","-1,66","-9,30","-21,20","-20,85","76,71","77,51","4,55 M"
"BRFS3","17h07","24,26","-0,25","-0,37","2,58","75,67","120,75","23,81","24,29","341,85 M"
"LAVV3","17h07","8,07","-0,25","-1,22","1,13","-5,54","26,33","7,95","8,13","5,75 M"
"PIBB11","17h15","229,25","-0,25","-0,52","-1,28","-1,27","16,96","227,94","229,50","1,04 M"
"LEVE3","17h07","30,36","-0,26","0,26","0,43","-9,66","1,19","30,27","30,47","13,18 M"
"ENGI4","17h05","7,54","-0,26","-0,13","-3,95","-11,41","6,07","7,52","7,58","155,21 K"
"BRAX11","16h39","108,95","-0,27","-0,27","-1,42","-2,20","15,79","108,23","108,95","281,37 K"
"HGRE11","17h05","104,00","-0,27","-0,41","-0,39","-21,88","-16,55","103,54","104,97","2,72 M"
"TEXA34","16h40","74,20","-0,27","-1,40","-0,31","36,10","54,48","73,29","74,20","44,1 K"
"HASH11","17h18","54,65","-0,27","-0,64","10,07","65,36","122,15","53,71","54,65","60,1 M"
"FIGS11","17h05","50,98","-0,27","-0,39","-3,08","-16,71","-16,15","50,29","51,29","220,56 K"
"BMKS3","17h05","305,14","-0,28","-0,93","-1,56","-6,68","11,95","305,14","306,15","56,23 K"
"NFTS11","17h15","7,08","-0,28","12,38","10,45","-41,34","-5,35","7,03","7,22","47,64 K"
"FLMA11","16h52","136,86","-0,28","-0,02","-2,58","-4,98","0,08","136,70","137,15","144,04 K"
"BLMG11","17h05","34,90","-0,29","-0,82","-10,67","-14,46","-37,80","34,00","35,03","2,44 M"
"GCRI11","17h00","65,20","-0,29","-0,88","-2,67","-25,30","-25,94","64,50","65,28","75,77 K"
"BABA34","17h11","20,46","-0,29","-1,92","-0,63","56,40","46,98","20,23","20,71","7,93 M"
"GURU11","10h15","10,22","-0,29","-0,20","-2,11","-5,11","9,77","10,22","10,22","3,84 K"
"NVDC34","17h16","17,00","-0,29","3,34","23,64","241,26","277,75","16,76","17,14","278,44 M"
"BMMT11","17h16","118,87","-0,29","-0,27","-0,80","3,07","20,14","118,87","118,87","24,28 K"
"SEQR11","16h53","50,83","-0,29","0,83","-0,66","-13,92","-13,85","50,81","51,00","226,02 K"
"XBOV11","17h16","127,43","-0,30","-0,41","-1,39","-3,03","15,11","127,43","127,43","5,6 K"
"GOVE11","17h15","56,68","-0,30","-0,47","-1,34","-2,86","15,23","56,51","56,84","45,54 K"
"TUPY3","17h07","23,21","-0,30","-0,09","-9,72","-18,98","-5,95","23,10","23,41","26,27 M"
"TASA4","17h06","9,94","-0,30","-0,30","-4,42","-32,97","-35,39","9,92","10,02","3,05 M"
"SVAL11","17h15","132,11","-0,30","-2,33","3,54","20,49","45,67","131,91","133,92","700,38 K"
"A1LG34","10h09","306,59","-0,30","-0,20","-8,26","-6,81","-9,65","306,59","306,59","15,39 K"
"HGBS11","17h05","200,61","-0,30","-0,64","-1,37","-13,06","-12,02","200,40","202,00","4,34 M"
"USBC34","15h28","68,53","-0,31","-2,00","11,21","31,81","78,74","68,53","68,53","2,5 K"
"BACW39","17h05","68,22","-0,31","-0,74","4,89","38,17","52,03","67,88","68,49","2,44 M"
"BOVS11","17h16","100,22","-0,31","-0,42","-1,42","-3,02","15,27","99,42","100,23","155,45 K"
"BOVB11","17h16","132,05","-0,31","-0,41","-1,31","-2,88","15,68","131,28","132,05","737,53 K"
"EURP11","17h15","12,85","-0,31","-1,53","0,55","26,35","40,74","12,78","12,94","997,15 K"
"RADL3","17h07","25,26","-0,32","0,40","-0,44","-13,71","-3,97","24,96","25,43","358,36 M"
"CGRA4","16h21","24,93","-0,32","-2,96","-0,84","-2,61","5,21","24,93","25,01","107,8 K"
"TRXB11","15h19","141,00","-0,33","-0,32","9,30","4,44","10,16","141,00","141,00","7,39 K"
"BIEU39","16h43","55,84","-0,34","-0,89","0,83","26,48","40,89","55,84","55,86","707,07 K"
"BEES3","16h53","8,79","-0,34","-0,23","-1,68","-2,89","10,89","8,79","8,86","138,41 K"
"HLOG11","15h42","84,91","-0,34","-0,53","-0,32","-1,04","-6,19","84,25","85,19","189,62 K"
"CSAN3","17h07","11,69","-0,34","-1,02","-10,63","-37,50","-22,78","11,49","11,73","230,45 M"
"ARRI11","17h05","8,49","-0,35","-0,35","-3,85","-6,50","-3,41","8,40","8,52","528,41 K"
"BOVV11","17h17","132,70","-0,35","-0,41","-1,34","-2,86","15,74","131,74","132,89","368,65 M"
"HCTR11","17h05","28,05","-0,36","-2,47","-5,14","-28,92","-33,15","28,05","28,47","1,77 M"
"AGRI11","14h42","47,48","-0,36","0,17","-2,84","-8,69","2,75","47,48","47,58","4,76 K"
"CSMG3","17h07","22,31","-0,36","0,81","-3,17","20,85","60,18","21,94","22,37","32,84 M"
"CEBR5","16h50","16,48","-0,36","0,55","-0,12","7,08","13,73","16,20","16,48","61,61 K"
"PORD11","17h05","8,16","-0,37","0,37","-6,31","-91,02","-90,88","8,12","8,19","663,9 K"
"JSRE11","17h06","61,41","-0,37","-2,49","-2,14","-18,19","-12,23","60,95","62,04","3,91 M"
"RBDS11","16h49","2,62","-0,38","-5,42","-9,66","3,97","-10,88","2,62","2,75","685,7"
"AZOI34","15h01","82,88","-0,38","0,48","5,93","46,25","48,19","82,88","82,88","11,43 K"
"IGTI3","17h05","2,59","-0,38","1,57","0,39","-11,00","5,54","2,54","2,60","237,93 K"
"PETR4","17h07","36,11","-0,39","-1,95","0,28","9,48","19,53","35,99","36,30","1,98 B"
"DIVO11","17h15","94,27","-0,39","-0,26","-1,96","2,25","21,23","93,67","94,27","7,88 M"
"GGRC11","17h05","10,14","-0,39","-0,88","-4,43","-91,08","-91,02","10,13","10,19","3,28 M"
"CJCT11","17h05","57,77","-0,40","-0,19","-3,05","-17,47","-17,46","57,00","57,77","129,61 K"
"A1DM34","13h11","320,32","-0,40","0,57","-2,33","-7,89","-10,23","320,32","320,32","4,18 K"
"PNVL3","17h07","9,88","-0,40","-1,79","-1,34","-24,58","-5,54","9,79","9,96","6,79 M"
"MALL11","17h00","100,30","-0,41","-0,50","-2,15","-15,57","-12,81","99,57","100,30","3,56 M"
"BITI11","16h19","104,80","-0,41","-2,16","11,15","70,43","127,18","103,45","106,93","545,46 K"
"MXRF11","17h07","9,68","-0,41","-1,02","-2,52","-8,42","-11,84","9,68","9,73","31,45 M"
"ALUP11","17h06","28,98","-0,41","-0,51","-5,14","-0,54","10,84","28,93","29,22","27,41 M"
"RZAK11","17h05","79,07","-0,42","-0,28","0,16","-10,45","-14,68","78,15","79,59","3,8 M"
"OFSA3","17h05","21,50","-0,42","-0,51","2,82","-16,01","2,89","21,16","21,59","161,64 K"
"ELAS11","17h16","127,62","-0,42","-0,50","-1,21","-3,99","15,04","126,83","127,85","238,02 K"
"EVBI11","16h10","9,41","-0,42","-0,32","-3,78","-90,52","-90,19","9,25","9,55","1,08 M"
"BIWM39","17h05","62,97","-0,43","-2,22","4,79","26,97","52,32","62,82","63,36","11,58 M"
"HSAF11","16h53","79,21","-0,43","-0,89","-3,32","-8,52","-5,77","79,10","80,06","1,08 M"
"SBFG3","17h07","13,97","-0,43","2,49","-15,33","20,83","99,63","13,63","14,10","54,64 M"
"Z1TS34","16h18","67,47","-0,43","-0,78","2,07","12,08","29,60","67,03","67,47","170,58 K"
"XFIX11","17h15","11,35","-0,44","-0,87","-2,91","-3,65","0,80","11,31","11,46","283,75 K"
"TRXF11","17h05","101,85","-0,44","-0,92","-3,62","-8,86","-5,56","101,65","102,60","12,99 M"
"BMGB4","17h07","4,19","-0,44","-7,38","12,66","36,21","106,29","4,16","4,27","3,17 M"
"BRCR11","17h05","44,80","-0,44","-0,40","-6,16","-24,45","-18,83","44,55","45,26","2,46 M"
"DEOP34","16h21","43,32","-0,46","-1,37","2,56","14,42","4,75","43,20","43,32","26,89 K"
"ESGD11","17h15","10,80","-0,46","-1,91","0,37","26,61","39,72","10,80","10,80","27,88 K"
"KNRI11","17h05","137,96","-0,46","-0,83","-0,96","-16,64","-13,11","137,57","139,03","13,21 M"
"BIEF39","16h04","53,60","-0,46","-0,83","0,85","29,83","40,10","53,60","53,60","39,57 K"
"GDBR34","16h11","1746,50","-0,47","-0,46","7,60","41,22","50,53","1746,50","1746,50","5,24 K"
"T1OW34","13h45","52,45","-0,47","-2,60","0,20","22,37","60,20","52,45","52,45","3,99 K"
"JOGO11","17h15","104,67","-0,48","-0,32","1,16","50,80","66,01","104,67","104,75","137,49 K"
"VCJR11","17h05","85,45","-0,48","-3,06","-4,34","-9,39","-6,44","84,51","86,38","4,83 M"
"PETR3","17h07","39,44","-0,48","-2,30","0,43","13,53","19,31","39,32","39,86","428,2 M"
"CTSA3","17h00","2,07","-0,48","-3,27","-24,18","-60,34","-14,81","2,07","2,07","9,34 K"
"BITO39","10h30","72,45","-0,48","-1,05","6,51","37,53","58,18","72,45","72,45","818,61 K"
"MBLY3","17h07","2,06","-0,48","1,98","-24,26","1,48","-38,87","2,02","2,09","1,91 M"
"RBVA11","17h07","100,04","-0,49","-1,70","-1,82","-11,91","-11,02","99,90","101,01","4,12 M"
"CATP34","16h47","138,74","-0,49","-1,51","4,52","56,46","80,27","137,48","139,08","331,67 K"
"JALL3","17h07","6,10","-0,49","-1,29","-5,86","-21,41","-27,68","6,08","6,19","4,13 M"
"NSLU11","16h48","168,17","-0,49","-1,58","-1,37","-13,75","-9,23","167,70","169,85","190,5 K"
"DXCO3","17h06","8,07","-0,49","0,00","-5,61","0,85","25,07","7,89","8,19","64,84 M"
"REVE11","16h40","64,20","-0,50","-1,83","1,01","22,15","42,26","64,20","65,28","131,55 K"
"E1WL34","16h11","99,10","-0,50","-0,38","11,34","6,49","12,70","99,10","99,10","3,47 K"
"CPFF11","17h00","63,34","-0,50","0,14","-8,72","-17,74","-12,49","62,21","63,51","1,03 M"
"MATB11","11h37","55,29","-0,50","-0,02","-3,51","-10,68","6,63","55,29","55,35","315,97 K"
"A1MP34","16h11","743,63","-0,50","-0,31","17,07","62,31","91,62","743,63","743,63","28,37 K"
"NDIV11","17h15","110,45","-0,50","-0,41","-3,10","-1,26","21,86","109,76","110,51","765,8 K"
"AIEC11","16h53","47,06","-0,51","-1,86","-11,74","-18,16","-23,94","47,02","47,69","1,25 M"
"FLCR11","17h05","97,59","-0,51","-0,16","-0,51","0,81","1,61","95,80","98,34","154,13 K"
"TAEE4","17h07","11,52","-0,52","-0,43","0,35","-3,12","10,77","11,47","11,59","2,82 M"
"HSML11","17h05","86,40","-0,52","-0,77","-6,48","-10,70","-6,05","86,33","87,49","5,55 M"
"ALZR11","17h05","102,28","-0,53","-1,90","-2,49","-13,06","-10,62","102,05","103,00","3,83 M"
"BBDC3","17h07","13,24","-0,53","-0,75","2,40","-8,94","15,81","13,11","13,39","149,87 M"
"BDVY39","10h20","77,44","-0,53","-0,82","5,43","43,17","52,14","77,44","77,44","1,17 M"
"BREW11","17h16","117,29","-0,53","-0,39","-1,90","-6,71","12,21","117,29","117,29","23,98 K"
"TELB4","17h05","9,25","-0,54","-1,28","-1,91","-29,50","-22,27","9,25","9,25","24,17 K"
"CMIG4","17h07","11,06","-0,54","0,18","-2,98","38,20","39,40","10,92","11,11","184,97 M"
"STBP3","17h07","12,87","-0,54","-0,16","-0,28","63,14","109,79","12,87","12,99","164,56 M"
"XPML11","17h06","104,51","-0,54","-1,96","-2,72","-10,77","-5,89","104,00","105,22","28,96 M"
"TRPL3","15h19","31,02","-0,55","0,19","-0,58","-12,50","8,20","31,02","31,14","43,54 K"
"HABT11","16h54","81,73","-0,55","-0,63","-5,50","-10,19","-9,29","81,69","82,26","2,08 M"
"AVGO34","17h05","14,52","-0,55","-0,48","5,68","86,03","136,93","14,43","14,72","8,62 M"
"SMAB11","17h16","7,21","-0,55","-0,14","-1,50","-15,18","-0,14","7,17","7,21","10,76 K"
"M1TC34","15h07","10,79","-0,55","-0,37","5,78","24,31","22,20","10,79","10,79","324,66"
"C1NS34","16h11","376,20","-0,56","-2,37","1,96","-0,25","28,99","376,20","376,20","21,72 K"
"F1NI34","14h53","32,13","-0,56","-0,46","13,21","78,31","109,26","32,13","32,13","12,31 K"
"CYRE3","17h07","21,40","-0,56","-1,20","4,29","-8,51","20,79","21,11","21,53","172,4 M"
"KNSC11","17h06","8,91","-0,56","-1,00","-4,19","-2,41","-89,99","8,86","8,99","10,81 M"
"BLAU3","17h06","14,24","-0,56","-3,72","7,96","-10,78","-9,62","14,01","14,42","4,05 M"
"BBRC11","16h49","109,60","-0,56","-0,34","-4,86","-6,00","-4,72","108,00","109,78","197,97 K"
"ISUS11","17h15","35,32","-0,56","-1,12","-1,92","-6,56","11,63","35,32","35,57","49,57 K"
"EBAY34","11h33","181,85","-0,56","-0,63","2,27","70,31","79,63","181,85","181,85","5,3 K"
"BTLG11","17h07","96,95","-0,56","-0,56","-0,90","-6,66","-3,02","96,80","97,79","17,23 M"
"TRIS3","17h06","5,23","-0,57","-0,95","8,06","-5,82","18,75","5,17","5,32","5,49 M"
"BEWG39","15h05","62,40","-0,57","-1,05","1,63","27,11","50,14","62,40","62,40","15,53 K"
"G1SK34","16h33","43,24","-0,57","-1,73","-2,96","21,67","24,04","43,24","43,24","3,09 K"
"GTWR11","17h05","74,37","-0,57","-0,88","-5,50","-14,61","-7,04","74,23","74,81","1,18 M"
"SMTO3","17h07","25,94","-0,57","0,62","-1,03","-9,12","-28,70","25,70","26,30","48,24 M"
"NSDV11","17h15","118,96","-0,58","-0,52","-3,24","-1,27","21,61","118,46","119,07","736,67 K"
"C1BS34","16h11","58,56","-0,58","-1,01","1,88","-19,12","3,80","58,56","58,56","22,26 K"
"AURE3","17h07","10,20","-0,58","-2,02","-2,49","-20,90","-13,56","10,07","10,24","99,91 M"
"GOAU3","17h06","10,15","-0,59","-0,78","-5,49","-5,67","12,06","10,11","10,21","623,05 K"
"VSLH11","17h05","3,33","-0,60","-0,60","-4,86","-19,17","-4,31","3,30","3,34","308,47 K"
"MFII11","17h05","99,40","-0,60","-1,44","-1,76","5,34","6,74","98,65","100,00","2,22 M"
"CXCO11","17h05","62,25","-0,61","-1,35","-8,16","-22,30","-17,00","62,11","63,93","421,04 K"
"BRSR3","16h45","13,07","-0,61","-0,68","2,11","-2,12","17,86","13,03","13,23","368,63 K"
"J1EF34","14h29","373,70","-0,61","-1,67","16,62","97,49","134,98","373,70","373,70","11,97 K"
"VGIR11","17h05","9,57","-0,62","0,00","-2,35","-2,74","-2,25","9,51","9,63","10,75 M"
"AERI3","17h06","6,34","-0,63","2,26","3,26","-64,78","-60,86","6,16","6,49","1,62 M"
"BCRI11","17h05","63,16","-0,63","-1,05","-5,87","-15,41","-6,98","62,94","63,99","1,24 M"
"BDOM11","17h16","111,10","-0,64","-0,54","-0,67","-3,95","15,71","110,74","114,40","100,11 K"
"ESGB11","17h16","103,49","-0,64","-0,45","-2,13","-8,37","11,03","101,51","103,49","15,18 K"
"VGHF11","17h06","7,68","-0,65","-1,03","-9,86","-19,67","-18,90","7,68","7,77","6,26 M"
"DUKB34","10h55","678,64","-0,65","-0,99","8,70","48,94","55,83","678,64","678,64","6,15 K"
"BBDC4","17h07","15,18","-0,65","-0,91","4,62","-6,10","17,48","15,03","15,39","793,64 M"
"URPR11","17h05","68,22","-0,66","-2,40","-15,25","-22,12","-24,20","68,00","68,67","3,33 M"
"ATTB34","17h05","40,92","-0,66","-1,49","3,32","58,53","71,14","40,04","40,92","113,31 K"
"C1DN34","10h30","717,30","-0,66","-2,76","-1,99","8,37","18,44","717,30","717,30","575,32 K"
"TRAD3","17h05","5,98","-0,66","-4,32","20,08","-1,81","-14,57","5,92","6,16","2,78 M"
"CMIN3","17h07","5,96","-0,67","0,51","-6,62","-13,92","45,53","5,88","5,97","63,88 M"
"RNDP11","14h13","44,70","-0,67","-0,67","-22,26","-60,72","-66,64","44,70","45,00","8,5 K"
"SPGI34","16h40","81,52","-0,67","-3,23","5,16","37,45","67,65","81,44","81,52","9,12 K"
"WHRL4","16h37","4,37","-0,68","0,00","-6,02","-1,34","14,68","4,36","4,40","55,46 K"
"LFTT11","13h15","8,60","-0,69","-9,38","-25,22","-73,88","-79,59","8,60","9,10","23,28 K"
"SMFT3","17h06","21,35","-0,70","-4,69","-0,42","-17,72","9,91","21,15","21,63","106,72 M"
"EMBR3","17h07","49,63","-0,70","3,44","3,46","121,66","177,26","48,62","50,05","502,09 M"
"HSLG11","17h05","80,80","-0,70","-1,98","-5,90","-17,97","-10,29","80,76","82,25","1,28 M"
"QAGR11","17h05","45,18","-0,70","0,40","-1,95","-9,82","-7,19","44,90","45,64","495,88 K"
"BITH11","17h15","88,41","-0,71","-1,46","10,87","80,58","139,01","87,52","88,74","15,82 M"
"P1NR34","10h53","560,00","-0,71","-1,06","5,90","77,51","77,51","560,00","560,00","2,81 K"
"LUPA3","17h06","1,38","-0,72","-1,43","-1,43","-38,94","-36,99","1,36","1,40","398,15 K"
"MEAL3","17h05","1,37","-0,72","0,00","2,24","-30,81","-14,91","1,35","1,38","732,34 K"
"CAML3","17h06","8,17","-0,73","0,49","-5,22","-1,45","18,36","8,09","8,22","5,89 M"
"AALL34","17h05","73,45","-0,73","-1,57","19,70","7,51","30,28","72,00","73,45","86 K"
"PAGS34","17h05","9,52","-0,73","-0,73","1,93","-22,41","25,26","9,31","9,55","370,66 K"
"BCIC11","17h16","116,87","-0,73","-0,62","-2,32","-7,44","11,57","116,87","116,87","23,69 K"
"FIIB11","17h05","490,17","-0,73","-1,18","-1,77","-5,58","-5,64","490,05","495,95","756,14 K"
"PRIO3","17h07","41,61","-0,74","-1,35","-3,97","-9,64","-14,67","41,51","42,10","554,57 M"
"HGPO11","17h05","301,05","-0,74","-0,15","2,23","6,38","9,68","300,83","303,49","1,97 M"
"ECOO11","16h48","109,50","-0,75","-0,98","-1,33","-2,73","15,87","109,23","109,80","6,06 K"
"PLCR11","16h53","81,16","-0,76","-0,66","-2,12","-9,13","-9,60","80,53","81,80","623,17 K"
"V1OD34","16h37","27,30","-0,76","-1,52","0,00","35,07","31,05","27,06","27,33","24,95 K"
"VTRU3","17h07","9,05","-0,77","-1,52","-3,10",,,"9,04","9,14","1,5 M"
"CNES11","17h06","1,29","-0,77","1,57","-4,44","-94,31","-94,29","1,29","1,32","99,44 K"
"BIJR39","16h40","82,48","-0,77","-1,62","3,20","25,18","48,20","82,47","82,48","60,34 K"
"CMIG3","17h07","14,15","-0,77","-0,42","-2,95","32,01","29,76","13,98","14,23","3,89 M"
"AMER3","17h06","3,84","-0,78","-0,26","-17,42","-95,78","-95,08","3,81","3,90","9,31 M"
"TAEE3","16h49","11,45","-0,78","-0,78","0,44","-3,42","11,66","11,41","11,54","1,33 M"
"SMAL11","17h18","96,61","-0,78","-0,56","-1,38","-14,66","1,19","96,34","97,67","153,87 M"
"RVBI11","17h05","69,20","-0,79","0,54","-3,43","-16,63","-15,82","69,15","69,90","4,71 M"
"R1IN34","13h25","181,08","-0,79","-1,76","4,12","30,27","52,34","180,90","181,80","82,37 K"
"HTEK11","16h40","56,37","-0,79","-2,47","3,49","17,49","28,88","56,37","56,37","100,3 K"
"A1KA34","10h13","50,10","-0,79","1,11","10,23","3,41","8,18","50,10","50,10","151,44"
"KISU11","17h05","7,48","-0,80","-1,97","-5,67","-13,63","-9,77","7,40","7,53","2,84 M"
"ENGI11","17h07","43,42","-0,80","-0,30","-3,06","-16,01","-0,61","42,85","43,60","140 M"
"U1AL34","14h17","212,07","-0,80","-0,01","31,31","111,23","138,82","211,05","212,07","52,36 K"
"WPLZ11","16h31","59,50","-0,80","7,21","19,00","-8,46","-0,50","59,50","60,75","10,46 K"
"KNOX11","16h35","103,52","-0,81","0,02","0,02","3,89","14,44","103,51","104,38","476,47 K"
"USIM3","17h06","6,05","-0,82","-0,17","0,67","-32,03","2,02","5,99","6,13","2,59 M"
"EQTL3","17h07","32,32","-0,83","-0,49","-0,55","-7,57","4,98","32,02","32,67","368,49 M"
"FATN11","17h05","88,99","-0,84","-0,90","-2,53","-3,27","-3,05","88,97","89,80","1,21 M"
"DEFI11","16h50","25,70","-0,85","0,12","2,59","-7,82","47,79","25,04","26,00","315,47 K"
"GEPA3","16h43","28,75","-0,86","-0,14","3,90","41,46","57,99","28,75","28,75","52,07 K"
"PATL11","17h05","56,31","-0,86","-1,04","-5,99","-18,39","-18,84","56,19","56,98","1,05 M"
"KEPL3","17h06","9,19","-0,86","0,99","-7,73","-10,45","-6,81","9,15","9,30","15,08 M"
"FPAB11","15h45","228,01","-0,87","-0,87","-5,78","14,01","16,33","228,01","232,01","4,63 K"
"RBRF11","17h05","6,79","-0,88","1,95","-2,72","-91,67","-91,24","6,79","6,93","5,96 M"
"BNDA39","16h48","79,36","-0,89","-1,54","-0,68","33,22","45,22","78,80","79,96","293,07 K"
"VISA34","17h05","80,77","-0,90","-1,34","7,74","27,12","39,78","80,77","81,84","414,14 K"
"BEFA39","11h00","57,20","-0,90","-1,52","0,30","27,38","39,20","57,20","57,20","15,36 K"
"WEB311","17h15","29,50","-0,91","2,64","3,58","-7,93","132,28","28,87","29,95","748,42 K"
"HCRI11","17h05","272,00","-0,91","-0,11","-0,29","-9,93","-1,80","272,00","273,06","69,37 K"
"T1MU34","16h11","627,84","-0,91","-0,74","11,78","64,28","83,45","627,84","627,84","8,82 K"
"RFOF11","16h51","65,40","-0,91","-1,09","-5,56","-15,63","-12,77","65,34","66,20","104,68 K"
"LOGG3","17h06","21,75","-0,91","-1,09","-3,76","-1,37","11,43","21,54","21,95","6,65 M"
"NEWL11","17h00","105,00","-0,92","-0,94","-6,91","-8,20","-2,77","104,55","105,90","648,25 K"
"N1VO34","17h10","83,04","-0,92","-2,31","2,37","34,25","30,13","82,04","83,15","610,67 K"
"MDNE3","17h07","14,97","-0,93","-0,27","5,80","12,30","50,45","14,82","15,15","10,23 M"
"GGBR4","17h07","18,17","-0,93","-1,25","-4,87","-5,87","4,80","18,02","18,22","331,71 M"
"SCVB11","17h16","83,31","-0,93","-0,96","-3,70","-14,75","-1,28","83,21","85,95","55,08 K"
"PTNT3","12h36","9,52","-0,94","-0,94","-3,64","-13,30","-14,24","9,52","9,52","2,84 K"
"ABUD34","16h40","61,50","-0,97","0,10","1,94","18,50","40,80","61,36","61,50","66,36 K"
"PEVC11","17h15","202,22","-0,99","-1,53","12,59","57,97","94,22","202,22","203,34","106,82 K"
"FIND11","15h01","127,80","-0,99","-0,75","-1,37","-4,31","18,01","127,76","127,85","1,43 M"
"G1LW34","14h13","268,38","-1,00","1,80","9,85","83,35","79,15","268,38","268,38","3,22 K"
"CPLE6","17h07","9,89","-1,00","-0,10","-1,49","-2,60","20,56","9,80","9,93","249,5 M"
"TMOS34","17h05","69,99","-1,00","-1,78","-0,11","30,61","43,96","69,47","70,34","69,01 K"
"SANB4","17h06","14,76","-1,01","-1,27","0,52","-8,95","10,16","14,73","14,93","1,45 M"
"VISC11","17h05","100,97","-1,01","-1,34","-7,11","-18,46","-13,77","100,56","102,22","9,61 M"
"NFLX34","17h10","86,70","-1,03","-0,57","12,20","82,83","112,45","86,60","87,76","7,33 M"
"AMAR3","17h05","0,96","-1,03","-2,04","-8,57","-74,19","-63,08","0,96","0,98","347,97 K"
"QETH11","17h16","10,54","-1,03","0,38","6,04","24,73","73,07","10,33","10,54","1,59 M"
"TAEE11","17h07","34,35","-1,04","-1,58","0,32","-3,42","10,94","34,23","34,60","74,63 M"
"EGIE3","17h07","41,02","-1,04","-0,89","-3,37","-4,57","6,35","40,76","41,22","64,66 M"
"ROST34","16h11","415,35","-1,04","-1,51","1,60","24,61","42,99","415,35","415,35","6,23 K"
"RAIZ4","17h07","2,85","-1,04","-2,06","-8,06","-28,63","-17,86","2,83","2,89","65,94 M"
"HBOR3","17h07","1,88","-1,05","-0,53","-0,53","-44,93","-17,98","1,87","1,91","1,47 M"
"CVCB3","17h07","1,88","-1,05","1,08","1,08","-46,29","-31,14","1,84","1,91","54,57 M"
"SANB11","17h07","28,19","-1,05","-1,57","0,51","-8,45","10,38","28,12","28,48","85,55 M"
"VOTS11","14h02","74,00","-1,06","-0,76","-4,52","-9,76","-9,96","74,00","74,97","2,82 K"
"PDTC3","16h54","1,86","-1,06","-0,53","2,20","-38,47","-19,44","1,84","1,88","86,46 K"
"ESPA3","17h00","0,93","-1,06","-2,11","-10,58","-23,77","-19,13","0,93","0,95","346,43 K"
"OPCT3","17h07","6,49","-1,07","-1,52","-5,53","2,20","32,18","6,43","6,57","4,46 M"
"D1DG34","14h51","71,12","-1,07","-2,50","13,10","19,13","67,50","71,12","71,12","1,93 K"
"VRTX34","16h11","678,51","-1,07","-1,48","7,49","36,83","47,65","678,51","678,51","179,1 K"
"AIGB34","16h30","442,93","-1,08","-1,08","9,96","38,56","51,38","442,93","442,93","879,42"
"RRCI11","16h24","75,15","-1,08","0,09","-2,03","-9,06","-9,48","74,90","75,96","29,88 K"
"SNEC34","17h05","102,27","-1,09","-1,07","-2,54","12,65","22,74","101,60","102,27","33,6 K"
"NUTR3","15h04","4,51","-1,10","-2,38","-2,59","8,15","19,00","4,51","4,60","12,35 K"
"VSTE3","16h54","9,79","-1,11","-1,61","-20,28","-51,83","-18,04","9,79","9,80","61,22 K"
"CPLE3","17h07","8,87","-1,11","-0,34","-1,99","-4,65","14,69","8,78","8,92","62,43 M"
"CBOP11","16h37","24,72","-1,12","-1,67","-2,87","-22,68","-17,63","24,72","25,00","46,52 K"
"N1CL34","14h22","135,94","-1,12","-1,12","18,21","37,17","99,91","135,94","135,94","135,94"
"ROMI3","17h07","10,42","-1,14","-0,86","-3,79","-14,66","0,10","10,36","10,61","3,32 M"
"OIBR3","17h07","4,34","-1,14","-0,23","-18,11","-31,54","-30,46","4,33","4,40","1,76 M"
"ENGI3","17h05","13,00","-1,14","-0,99","-4,41","-28,12","-10,76","12,85","13,02","59,88 K"
"MCCI11","17h05","81,75","-1,15","-1,72","-7,23","-13,56","-12,57","81,55","82,69","5,89 M"
"TIMS3","17h07","17,21","-1,15","-2,44","-8,12","0,50","20,32","17,08","17,29","131,49 M"
"SBSP3","17h07","91,07","-1,16","-0,02","0,74","22,64","51,19","90,83","91,87","394,55 M"
"GOAU4","17h07","10,21","-1,16","-1,07","-6,50","-3,18","11,49","10,13","10,28","129,16 M"
"A1NE34","16h11","569,56","-1,16","-0,21","9,53","98,38","144,46","561,70","571,61","548,45 K"
"BIDB11","17h05","85,85","-1,16","-2,33","-3,85","10,30","12,68","85,29","86,98","898,66 K"
"RECV3","17h07","17,00","-1,16","-0,58","-4,06","-16,65","-14,31","16,87","17,18","71,16 M"
"INEP4","17h00","1,68","-1,18","-2,89","-14,72","-51,02","-49,70","1,68","1,74","52,6 K"
"M1UF34","15h56","60,36","-1,18","-2,71","8,17","50,41","51,00","60,36","60,36","8,26 K"
"F1TV34","16h11","217,58","-1,20","-1,39","7,58","21,74","23,13","217,58","217,58","6,8 K"
"BBAS3","17h07","26,30","-1,20","-1,46","-3,24","0,87","15,56","26,27","26,60","1,33 B"
"RBRY11","16h54","93,60","-1,20","-0,07","-2,80","-6,17","-6,77","93,36","95,28","8,62 M"
"ANIM3","17h07","2,46","-1,20","0,41","4,68","-37,20","0,40","2,40","2,51","28,26 M"
"LPSB3","17h07","1,63","-1,21","-2,98","-6,86","-34,15","-26,57","1,63","1,66","429,13 K"
"RANI3","17h06","7,33","-1,21","0,00","-1,08","-29,23","-31,76","7,32","7,41","6,68 M"
"MELI34","17h10","98,10","-1,22","-0,91","5,59","51,51","98,10","97,92","99,39","53,65 M"
"SEER3","17h05","5,65","-1,22","-1,22","-5,04","-28,12","-7,53","5,59","5,75","3,23 M"
"TLNC34","16h32","26,58","-1,23","-2,96","-0,15","43,18","43,11","26,58","26,67","5,49 K"
"BBSD11","10h59","106,19","-1,23","-0,78","-3,69","-2,77","13,29","106,19","107,51","17,77 K"
"NVHO11","16h46","12,03","-1,23","-2,04","-7,46","0,84","12,54","12,03","12,13","884,03"
"RBFF11","17h05","52,91","-1,23","-0,17","-10,93","-13,26","-11,74","52,91","54,97","1,21 M"
"YDUQ3","17h07","10,37","-1,24","1,27","12,84","-52,93","-42,77","10,26","10,79","90,97 M"
"AFLT3","13h53","7,03","-1,26","-1,26","-0,42","-11,83","2,21","7,03","7,03","1,41 K"
"CRPT11","17h15","14,80","-1,27","0,27","7,17","58,80","121,23","14,51","15,00","63,13 K"
"MLAS3","17h06","1,55","-1,27","1,97","-4,32","-25,84","-22,50","1,54","1,60","6,18 M"
"VIVA3","17h07","25,53","-1,28","-2,41","-5,20","-24,24","-2,93","25,19","25,90","173,11 M"
"BPAC11","17h07","32,33","-1,28","-2,41","-2,83","-12,79","8,66","32,21","32,73","327,24 M"
"PYPL34","17h10","23,08","-1,28","-2,57","8,87","51,84","72,37","22,99","23,22","1,07 M"
"E1TN34","10h30","140,00","-1,28","-1,28","9,22","70,54","101,82","140,00","140,00","14,14 K"
"C1NC34","16h11","348,60","-1,29","-1,29","-14,29","-2,64","-3,84","348,60","348,60","2,09 K"
"MMMC34","17h10","189,05","-1,29","-1,74","1,48","209,19","285,50","186,96","201,50","4,26 M"
"CSUD3","17h05","16,77","-1,29","-1,53","-4,55","-10,39","14,37","16,66","16,92","788,58 K"
"RAIL3","17h07","18,90","-1,31","-1,51","-5,50","-17,28","-15,36","18,73","19,03","810,09 M"
"HREC11","17h05","8,27","-1,31","-2,71","-3,05","-7,91","-90,17","8,23","8,48","958,61 K"
"TEND3","17h06","14,26","-1,31","0,78","14,72","-3,84","30,11","14,10","14,50","52,07 M"
"E1XC34","11h55","230,92","-1,32","2,18","3,63","36,24","22,75","230,92","230,92","4,85 K"
"RBRR11","17h05","85,06","-1,32","-2,05","-4,36","-4,58","-4,87","84,01","86,46","5,39 M"
"BTAL11","16h54","70,67","-1,33","-1,96","-4,32","-11,04","-15,21","70,52","71,75","1,49 M"
"U1AI34","16h07","47,20","-1,36","-4,07","2,34","13,08","36,81","47,20","47,20","1,24 K"
"PLPL3","17h07","13,79","-1,36","-0,36","10,76","23,31","67,47","13,54","14,02","13,84 M"
"TSMC34","17h10","141,35","-1,37","-1,60","19,75","125,49","151,26","140,36","143,00","28,14 M"
"P1GR34","16h11","707,16","-1,39","-1,19","3,50","84,68","76,49","701,48","707,16","115,88 K"
"UCAS3","17h00","2,13","-1,39","0,00","-3,18","-19,01","-6,88","2,13","2,18","73,11 K"
"ABTT34","13h10","54,96","-1,40","-0,97","6,95","24,39","38,74","54,96","54,96","221,94"
"AIRB34","17h05","38,45","-1,41","-0,93","11,45","14,95","27,07","38,45","38,82","343,36 K"
"DVFF11","17h00","6,93","-1,42","2,21","-6,35","-16,30","-91,40","6,85","6,95","9,22 K"
"BEEF3","17h07","5,54","-1,42","-1,42","-12,62","-25,84","-24,93","5,48","5,59","79,45 M"
"FVPQ11","16h53","59,54","-1,42","-1,85","-5,04","-47,77","-49,97","59,52","60,43","100,75 K"
"SRNA3","17h07","8,27","-1,43","-1,66","1,35","-19,00","-2,82","8,19","8,44","23,61 M"
"ATMP3","16h35","1,37","-1,44","-2,84","-15,95","-69,56","-54,18","1,37","1,37","12,22 K"
"CEOC11","16h41","40,39","-1,44","-2,42","-5,63","-12,25","-10,54","40,00","40,81","74,13 K"
"SMAC11","17h15","50,61","-1,44","-1,11","-1,67","-15,01","0,76","50,61","51,10","854,04 K"
"UNIP6","17h06","45,62","-1,45","-0,28","-2,17","-33,06","-28,06","45,62","46,64","8,81 M"
"COGN3","17h07","1,36","-1,45","0,74","6,25","-61,03","-45,38","1,36","1,41","59,21 M"
"HGFF11","17h06","75,00","-1,47","-2,45","-4,73","-14,72","-12,34","74,10","77,00","1,36 M"
"BEWJ39","16h40","48,53","-1,48","-2,75","-0,49","27,18","34,91","48,30","48,53","468,37 K"
"EQIR11","17h00","8,64","-1,48","-1,82","-4,11","-11,11","-14,37","8,58","8,83","413,35 K"
"NOCG34","14h34","594,60","-1,49","-1,39","3,18","33,94","23,68","594,60","594,60","4,21 K"
"NCHB11","17h00","8,57","-1,49","-2,06","-5,72","-89,65","-89,31","8,51","8,78","454,05 K"
"BTRA11","16h49","38,18","-1,50","-1,72","-2,10","-37,59","-42,02","38,01","39,19","289,45 K"
"VCRR11","16h53","65,60","-1,50","-2,94","-2,09","-2,92","-11,80","65,59","67,00","337,74 K"
"INGG34","14h11","96,40","-1,53","-2,72","-2,33","40,54","58,62","96,40","96,40","2,42 K"
"S1YK34","16h20","104,30","-1,54","-0,38","7,66","47,30","57,56","104,21","104,40","4,89 M"
"CVSH34","16h40","32,58","-1,54","-7,44","-3,63","-12,16","-3,63","32,35","32,79","72,75 K"
"VIVT3","17h07","53,61","-1,54","-2,19","-3,96","4,20","24,77","53,37","53,99","176,34 M"
"VRTA11","17h05","82,70","-1,55","-2,01","-5,49","-7,08","-5,74","82,50","84,48","3,34 M"
"VVEO3","17h07","1,90","-1,55","-4,52","4,40","-85,99","-87,60","1,87","1,97","5,86 M"
"COWC34","17h11","124,71","-1,56","-1,20","2,90","56,68","83,36","124,71","127,53","267,38 K"
"VILG11","17h05","81,63","-1,56","-1,02","-3,41","-17,77","-20,48","81,56","83,49","3,61 M"
"RSUL4","17h07","61,01","-1,57","-0,89","-1,60","-18,08","-17,42","61,01","61,01","123,43 K"
"HOND34","16h49","173,28","-1,57","-1,47","0,07","21,26","10,44","173,28","173,28","7,53 K"
"LREN3","17h07","18,16","-1,57","-1,30","0,55","7,02","51,67","17,98","18,36","361,25 M"
"C1GP34","11h06","4,38","-1,57","-0,68","8,15","1,86","18,06","4,38","4,38","17,67"
"A1RE34","16h31","168,64","-1,59","-2,84","1,96","10,86","45,75","167,62","168,64","4,77 K"
"YDRO11","16h40","36,39","-1,60","-2,31","5,45","-2,57","7,25","36,39","36,72","95,29 K"
"BPFF11","17h00","62,83","-1,61","-1,60","-5,62","-11,88","-8,36","62,80","63,86","684,72 K"
"AZEV4","17h07","1,22","-1,61","-2,40","-8,96","-37,76","-40,78","1,19","1,27","5,29 M"
"AZZA3","17h07","40,23","-1,61","-0,40","-4,60","-37,02","-31,28","39,91","41,17","90,21 M"
"CSNA3","17h07","11,49","-1,63","-1,54","-10,86","-38,36","15,94","11,45","11,67","94,89 M"
"MTRE3","17h00","3,61","-1,63","-0,82","1,69","-38,06","4,25","3,60","3,66","4,02 M"
"BRIT3","17h07","3,00","-1,64","-1,96","0,33","-17,20","0,07","2,98","3,06","1,88 M"
"B1AM34","17h05","77,40","-1,66","-3,60","7,44","58,68","101,19","77,32","78,00","55,92 K"
"CCRO3","17h07","12,10","-1,71","-0,82","0,00","-12,82","2,60","12,06","12,23","129,83 M"
"INTB3","17h07","20,14","-1,71","-0,79","0,20","-6,40","12,88","19,97","20,52","19,03 M"
"CYCR11","17h05","8,63","-1,71","-3,14","-12,03","-11,76","-8,00","8,52","8,82","2,58 M"
"BRKM5","17h07","17,80","-1,71","-1,87","-10,69","-18,57","-3,00","17,75","18,10","75,37 M"
"BPAC3","17h05","15,16","-1,75","-1,69","-4,77","-14,47","5,29","15,14","15,41","47,82 K"
"BPAN4","17h06","8,97","-1,75","-2,29","-10,75","3,82","19,53","8,89","9,14","18,92 M"
"HPQB34","13h39","205,59","-1,81","-3,45","5,18","43,99","60,84","205,59","205,59","20,79 K"
"TXRX4","16h47","2,16","-1,82","-6,90","-8,47","-20,00","-28,71","2,16","2,20","19,6 K"
"OULG11","16h47","31,41","-1,84","1,09","4,35","-2,85","-16,60","31,29","32,44","287,43 K"
"EKTR4","16h48","44,60","-1,85","-1,87","-0,73","47,88","49,45","44,60","45,45","199,65 K"
"BSLI3","15h22","9,00","-1,85","-1,21","-6,35","-12,28","-11,59","8,90","9,10","9,88 K"
"R1LC34","16h54","567,24","-1,86","-1,86","10,02","61,65","108,26","567,24","567,24","2,26 K"
"TGAR11","17h05","100,30","-1,86","-3,15","-10,88","-17,39","-17,19","100,10","102,29","19,27 M"
"TELB3","11h05","14,14","-1,87","-2,15","-4,52","-9,71","-11,63","14,14","14,14","21,63 K"
"MOVI3","17h06","5,75","-1,88","1,59","-6,81","-51,64","-38,11","5,67","6,00","39,59 M"
"XPIE11","17h05","66,79","-1,88","-4,04","-7,61","-11,74","-0,88","66,29","68,39","9,95 M"
"MUTC34","17h10","102,99","-1,89","-2,89","9,55","49,39","84,16","101,00","102,99","973,67 K"
"BEWY39","16h40","43,48","-1,90","-1,90","-3,70","9,91","22,90","43,48","43,48","999,24"
"RELG11","16h44","55,90","-1,90","0,02","-11,11","16,46","9,12","54,63","55,99","146,85 K"
"LVBI11","17h05","102,00","-1,90","-3,27","-5,73","-13,46","-13,38","101,63","104,11","6,98 M"
"IDFI11","16h37","2,06","-1,90","3,00","-76,43","-90,64","-90,34","1,98","2,10","7,19 K"
"USIM5","17h07","6,15","-1,91","0,49","-1,44","-31,54","7,25","6,14","6,29","127,11 M"
"MCOR34","10h13","678,27","-1,93","-2,35","5,35","44,50","74,83","678,27","678,27","955,24 K"
"ITLC34","17h10","21,33","-1,93","-1,84","0,99","-46,95","-23,82","21,02","21,74","5,04 M"
"VIGT11","17h06","53,83","-1,93","-3,04","-6,56","-23,48","-18,49","53,56","55,20","2,96 M"
"MELK3","17h06","3,55","-1,93","1,14","3,20","-22,61","-5,50","3,55","3,61","1,92 M"
"H1TH34","11h21","52,90","-1,95","-1,95","-1,03","27,02","15,09","52,90","52,90","1,16 K"
"IGTI11","17h07","21,07","-1,95","-0,89","-0,05","-10,84","8,69","21,04","21,43","75,77 M"
"ENEV3","17h07","13,97","-1,96","-3,12","0,00","2,65","24,84","13,92","14,22","159,83 M"
"C1HR34","13h12","30,70","-1,98","-1,98","3,37","50,04","36,86","30,70","30,70","30,7"
"GUAR3","17h06","7,89","-1,99","-3,19","0,64","22,67","72,90","7,84","8,07","10,1 M"
"A1CR34","15h40","62,51","-1,99","-1,15","1,15","37,24","53,27","62,51","62,51","2,29 K"
"MNPR3","17h05","20,46","-2,01","-0,20","14,75","7,74","30,65","20,21","20,99","199,33 K"
"MNDL3","16h45","16,00","-2,02","-2,50","5,75","21,88","39,07","16,00","16,01","19,64 K"
"ALOS3","17h07","21,98","-2,02","-1,35","1,49","-11,74","2,51","21,82","22,39","77,97 M"
"VBBR3","17h07","22,23","-2,03","-1,68","-5,00","3,02","21,16","22,14","22,57","282,54 M"
"DEVA11","17h05","33,80","-2,03","-2,42","-8,40","-21,76","-24,20","33,50","34,68","1,87 M"
"HSHY34","16h53","209,00","-2,04","-1,28","-4,14","19,31","12,04","209,00","209,00","2,1 K"
"PICE11","16h51","34,32","-2,08","-4,13","-8,33","-48,77","-48,77","34,27","35,83","304,29 K"
"FAED11","17h05","142,00","-2,09","-3,09","-5,71","-8,97","-8,39","140,00","145,76","220,01 K"
"RBRD11","16h03","35,60","-2,09","-1,66","-3,76","-12,60","-6,59","35,38","36,34","63,65 K"
"LJQQ3","17h07","2,81","-2,09","-1,40","-14,85","-53,55","-15,70","2,78","2,87","22,86 M"
"VULC3","17h06","16,29","-2,10","-1,03","-2,55","-6,05","3,97","16,12","16,64","14,87 M"
"PGMN3","17h07","2,79","-2,11","-1,41","6,90","-23,60","-2,72","2,78","2,84","1,03 M"
"MRFG3","17h07","14,41","-2,11","-0,96","5,65","48,56","126,57","14,35","14,78","145,83 M"
"ELMD3","17h07","16,98","-2,13","-0,41","2,29","8,99","11,63","16,61","17,34","2,82 M"
"T1CH34","15h42","13,28","-2,14","-2,14","-8,29","36,81","16,99","13,28","13,28","66,4"
"PRSV11","15h01","58,71","-2,15","-2,15","-1,66","-4,91","-25,57","58,71","58,71","4,8 K"
"AMBP3","17h07","133,30","-2,15","-0,40","-2,70","720,31","788,07","133,30","138,09","33,78 M"
"W1MG34","16h11","45,25","-2,16","-0,40","7,02","6,61","10,40","45,25","45,25","1,6 K"
"MTSA4","17h06","35,80","-2,19","-3,69","-10,25","-24,35","-17,12","35,80","36,56","153,8 K"
"GGPS3","17h07","17,90","-2,19","-2,51","-3,97","-3,51","10,03","17,81","18,24","70,86 M"
"B3SA3","17h07","10,61","-2,21","-0,38","-0,93","-24,81","-3,27","10,55","10,81","546,88 M"
"EURO11","16h33","228,00","-2,22","-2,23","-6,93","-8,80","-7,62","221,01","232,43","51,39 K"
"SJAU11","14h45","56,71","-2,22","11,88","-4,69","4,36","-34,06","56,71","56,71","1,13 K"
"IRIM11","17h00","67,90","-2,26","-0,64","-5,62","-19,86","-19,74","67,90","69,47","136,22 K"
"GFSA3","17h06","1,70","-2,30","-1,73","-23,77","-80,85","-56,72","1,67","1,80","15,08 M"
"ETHE11","17h16","43,61","-2,31","-1,54","6,37","29,99","74,86","43,22","44,39","6,85 M"
"PINE4","17h06","4,65","-2,31","-3,33","3,41","21,16","46,69","4,65","4,79","1,81 M"
"T1DG34","14h59","153,92","-2,34","-3,07","3,67","62,47","91,97","152,96","154,88","22,61 K"
"XPCM11","17h00","7,11","-2,34","-2,60","-3,79","-30,57","-30,29","7,10","7,33","20,29 K"
"O1MC34","16h11","287,40","-2,34","-3,04","2,75","39,18","56,42","287,40","287,40","6,72 K"
"N1VS34","15h52","65,18","-2,35","-2,35","3,46","37,54","40,50","65,18","65,18","3,72 K"
"SPTW11","17h00","36,30","-2,37","-3,20","-7,40","-15,35","-11,87","36,30","37,69","213,64 K"
"MACY34","13h05","89,01","-2,37","-3,25","3,98","-7,77","57,41","89,01","89,55","4,21 K"
"INEP3","17h05","1,63","-2,40","-2,40","-16,41","-61,65","-62,87","1,63","1,72","131,93 K"
"ZAMP3","17h06","2,43","-2,41","-2,02","-6,18","-57,00","-59,95","2,43","2,50","1,65 M"
"PTBL3","17h06","4,45","-2,41","-3,68","-3,26","-40,35","-9,18","4,43","4,59","1,5 M"
"DHER34","17h14","53,99","-2,42","-3,33","0,26","32,40","48,20","53,20","56,55","84,24 K"
"IRDM11","17h06","65,40","-2,45","-3,43","-3,24","-20,24","-16,82","65,00","67,98","9,38 M"
"U1LT34","16h06","103,50","-2,45","-1,37","-2,84","-9,61","11,05","103,50","103,62","537,52 K"
"M1DB34","16h11","75,36","-2,48","-2,69","2,50","-25,57","-13,28","74,40","75,36","10,61 K"
"CEEB3","17h07","39,10","-2,49","-2,49","1,88","2,80","10,10","39,10","39,99","59,31 K"
"MULT3","17h07","25,38","-2,50","-2,12","-1,05","-9,44","4,66","25,17","25,87","136,7 M"
"BNFS11","17h05","112,00","-2,52","-2,80","-4,68","-8,51","-8,64","112,00","114,90","257,52 K"
"C1BL34","10h58","422,94","-2,52","-1,45","8,45","58,59","65,14","422,94","422,94","856,81"
"U1BE34","16h40","114,95","-2,57","2,04","12,32","51,35","112,44","114,47","117,00","112,61 K"
"A1MD34","17h10","109,81","-2,60","-1,51","-1,34","22,24","74,75","108,17","112,22","9,66 M"
"WUNI34","10h16","65,68","-2,61","-2,67","-0,39","18,04","4,24","65,68","65,68","16,62 K"
"I1VZ34","11h44","102,70","-2,64","-3,11","6,54","20,97","70,74","102,70","102,70","1,25 K"
"SYNE3","17h07","8,02","-2,67","-5,65","4,29","126,38","163,19","8,00","8,26","5,35 M"
"JHSF3","17h06","4,36","-2,68","-1,13","6,86","-16,66","10,85","4,35","4,46","14,95 M"
"UGPA3","17h07","20,32","-2,68","-2,31","-4,20","-21,45","5,54","20,31","20,82","151,82 M"
"ESTR4","17h08","3,60","-2,70","3,45","-7,69","-13,88","-34,55","3,60","3,60","1,39 K"
"EVEN3","17h05","6,10","-2,71","-2,87","4,01","-15,91","14,31","6,07","6,27","8,17 M"
"D1OW34","13h41","74,20","-2,71","-1,73","-1,21","14,43","26,42","74,20","74,20","224,67"
"FESA4","17h07","7,44","-2,75","-2,75","-3,13","-36,20","-35,68","7,43","7,70","10,05 M"
"CEAB3","17h07","11,62","-2,76","-4,28","10,67","48,40","129,64","11,59","12,01","53,83 M"
"LOGN3","17h07","28,00","-2,78","-8,20","-17,65","-27,25","-31,20","28,00","29,19","1,64 M"
"ARML3","17h06","7,70","-2,78","-1,91","-2,31","-53,41","-37,84","7,70","8,01","10,36 M"
"HRDF11","16h06","3,14","-2,79","-6,82","0,64","-7,65","-15,14","3,14","3,18","269,47"
"CNIC34","13h07","26,45","-2,79","-2,36","0,34","5,44","21,51","26,45","26,57","8,03 K"
"BMEB4","16h48","38,00","-2,81","-3,60","-2,86","130,71","241,86","37,71","38,81","1,71 M"
"ALPA3","17h05","6,51","-2,84","-2,84","-5,79","-37,58","-15,45","6,50","6,54","36,48 K"
"LWSA3","17h07","4,41","-2,86","-2,00","5,50","-26,62","-23,70","4,39","4,56","30,05 M"
"CTXT11","17h05","7,12","-2,86","-0,70","0,14","-39,09","-41,16","7,12","7,32","3,03 K"
"BIOM3","17h06","8,70","-2,90","-2,25","-18,39","50,52","78,89","8,69","9,08","1,29 M"
"W1IX34","15h31","32,01","-2,91","-2,11","5,71","62,16","130,62","31,83","32,01","144,02 K"
"SNSY5","16h53","4,99","-2,92","-1,96","-10,41","30,29","23,51","4,92","5,05","17,39 K"
"JSLG3","17h06","7,56","-2,95","0,13","-14,19","-39,28","-12,19","7,56","7,85","6,03 M"
"EALT3","16h02","14,50","-3,01","-3,01","-4,54","54,20","100,16","14,50","14,50","4,43 K"
"BRKM3","17h00","17,51","-3,05","-2,23","-11,88","-19,27","-3,90","17,51","18,00","616,63 K"
"KEVE11","16h37","1075,00","-3,06","-3,06","-4,02","-4,22","1,61","1075,00","1075,00","348,36 K"
"PETZ3","17h07","4,74","-3,07","-4,05","0,42","20,00","24,41","4,74","4,91","50,48 M"
"QUAL3","17h06","2,13","-3,18","0,00","-4,91","-37,35","-35,84","2,11","2,22","18,54 M"
"D1OC34","13h44","19,86","-3,22","-4,61","19,06","35,84","98,80","19,86","19,88","30,97 K"
"DASA3","17h06","2,69","-3,24","-6,60","0,00","-72,04","-72,80","2,67","2,80","4,57 M"
"FNOR11","17h08","0,88","-3,30","-1,12","-5,38","23,94","23,94","0,88","0,91","3,22 K"
"BHIA3","17h06","4,24","-3,42","-3,20","-14,17","-62,74","-68,00","4,21","4,41","14,17 M"
"ARNC34","12h56","583,77","-3,48","-2,48","6,78","123,09","143,83","583,77","589,15","12,95 K"
"RCSL3","17h07","4,12","-3,51","-4,19","-19,37","-57,08","-50,24","4,10","4,35","5,04 M"
"RSID3","17h05","2,96","-3,58","-7,50","-10,03","-26,37","-24,68","2,96","3,13","148,93 K"
"XPID11","17h05","64,00","-3,59","-3,25","-4,83","-17,99","-15,88","64,00","66,39","761,54 K"
"NTCO3","17h07","14,11","-3,62","-5,24","0,43","-12,98","13,50","14,11","14,60","292,41 M"
"ECOR3","17h07","6,90","-3,63","-1,15","-0,29","-24,81","-1,20","6,90","7,16","36,63 M"
"NAVT11","17h07","77,50","-3,65","-3,11","-9,88","-14,84","-9,57","77,50","83,00","437,77 K"
"EUCA3","16h33","16,28","-3,67","-4,80","3,23","0,18","20,29","16,28","16,28","4,96 K"
"RPMG3","16h52","2,86","-3,70","-4,35","-3,70","34,91","29,41","2,84","3,02","115,69 K"
"OSXB3","16h51","4,39","-3,73","-4,57","2,09","3,78","-35,54","4,39","4,49","25,42 K"
"ONCO3","17h06","4,64","-3,73","-4,72","2,88","-64,31","-51,41","4,57","4,83","12,14 M"
"RBVO11","16h39","5,85","-3,78","-3,94","-53,42","-30,69","-29,86","5,72","6,08","151,17 K"
"MGLU3","17h07","9,30","-3,83","-1,06","-4,12","-56,74","-38,12","9,15","9,81","509,79 M"
"MRVE3","17h07","6,88","-3,91","-4,71","-4,97","-38,74","-19,72","6,84","7,13","138,82 M"
"AGXY3","16h54","0,49","-3,92","-7,55","-16,95","-86,50","-86,65","0,49","0,52","225,63 K"
"AZEV3","17h07","1,21","-3,97","-3,97","-10,37","-40,69","-40,69","1,21","1,28","1,16 M"
"D1EL34","16h52","689,41","-3,98","-5,25","7,27","86,69","111,44","682,00","718,00","526,73 K"
"LVTC3","17h00","3,60","-4,00","-2,70","-8,63","-14,08","-9,32","3,60","3,77","44,32 K"
"BNBR3","13h16","99,83","-4,01","-4,01","-5,55","-4,91","15,68","95,00","102,00","159,5 K"
"EZTC3","17h07","13,41","-4,21","-3,59","-0,89","-27,06","-12,60","13,36","13,95","30,15 M"
"BIAU39","16h54","74,19","-4,30","-0,30","9,52","55,86","58,46","73,41","74,20","3,84 M"
"PLRI11","10h03","11,01","-4,34","-4,34","-38,77","-28,97","-38,08","11,01","11,01","477,43"
"DOTZ3","16h48","5,49","-4,36","-2,14","10,69","-30,51","-45,10","5,37","5,65","412,47 K"
"VERZ34","17h10","39,67","-4,36","-5,21","-1,75","37,51","58,15","38,96","40,20","464,45 K"
"N1TA34","16h37","680,78","-4,42","-5,13","3,09","100,34","100,34","680,78","680,78","27,42 K"
"A1AP34","16h49","13,86","-4,94","-2,46","4,13","-24,53","-7,63","13,86","14,22","4,7 K"
"E1DU34","10h48","24,99","-5,02","-5,02","-8,46","11,80","24,00","24,99","25,21","1,38 K"
"BMLC11","15h40","93,93","-5,26","-4,64","-3,38","-12,05","-9,90","93,93","97,96","128,33 K"
"TCSA3","17h05","1,43","-5,30","-7,14","-23,94","-64,43","-49,29","1,41","1,56","721,72 K"
"S1HW34","16h50","206,36","-5,44","-6,76","-0,53","36,21","72,72","206,22","209,58","10,42 M"
"E1XR34","16h14","236,90","-5,45","-0,63","-3,42","22,96","60,62","236,90","236,90","487,46"
"AZUL4","17h07","5,63","-5,70","-5,06","-9,78","-64,83","-56,46","5,62","5,98","218,87 M"
"NGRD3","17h06","27,00","-5,79","-11,79","-5,27","-12,77","-13,46","27,00","28,77","1,58 M"
"KMBB34","10h28","775,72","-5,88","-4,73","0,07","36,32","28,11","775,72","775,72","18,84 K"
"L1MN34","17h05","35,50","-6,08","-8,27","-12,32","294,44","427,49","34,96","37,24","1,99 M"
"LMTB34","15h24","3286,50","-6,31","-5,50","2,06","52,12","48,58","3286,50","3327,65","12,35 M"
"BAHI3","17h13","4,65","-6,44","-6,81","-21,72","-43,22","-45,74","4,65","4,84","21,46 K"
"REGN34","13h37","89,00","-6,45","-6,45","-6,90","30,67","34,16","89,00","89,00","1,25 K"
"IFCM3","17h07","0,13","-7,14","-13,33","-13,33","-92,97","-90,15","0,12","0,15","7,87 M"
"RNEW3","17h05","1,13","-7,38","-7,38","1,80","-8,87","0,00","1,12","1,22","497,09 K"
"D1HI34","11h25","1030,00","-7,41","-7,41","-3,56","40,13","92,91","1030,00","1044,90","4,16 K"
"ATOM3","17h05","3,82","-8,39","-5,68","50,99","79,34","97,93","3,50","4,31","2,63 M"
"GEOO34","16h49","1008,65","-8,40","-8,02","-1,72","308,52","370,28","1006,00","1076,07","32,59 M"
"WGBA34","16h44","27,60","-8,55","-9,89","11,11","-56,00","-48,41","27,51","28,99","54,27 K"
"RNEW11","17h05","3,40","-8,60","-8,11","1,80","-9,09","0,29","3,40","3,56","65,03 K"
"N1UE34","13h34","68,73","-8,66","-8,41","-0,88","-3,04","17,78","68,17","68,81","23,38 K"
"L1EG34","16h45","70,36","-9,10","-9,10","-5,63","-43,62","-38,40","70,36","77,40","8,63 K"
"BICR11","15h52","35,35","-9,78","-2,59","-12,74","-53,16","-54,68","35,35","37,20","1,35 K"
"RNEW4","17h06","1,11","-10,48","-11,20","-1,77","-13,95","-1,77","1,11","1,24","963,27 K"
"RCSL4","17h13","1,57","-20,30","-14,21","65,26","-55,40","-61,89","1,51","2,17","21,16 M"
"PDGR3","17h07","0,01","-50,00","0,00","-50,00","-97,78","-99,62","0,01","0,02","1,13 M"